VBCSCompilerPreWarmer: pre-warm launched (dotnet PID 8660)
VBCSCompiler prewarm took 3.73 ms
[Licensing::Module] Trying to connect to existing licensing client channel...
Built from '6000.6/respin/6000.6.0f1-fa21a270ab12' branch; Version is '6000.6.0f1 (f7f8ed4d1e24) revision 16251117'; Using compiler version '194234433'; Build Type 'Release'
[Licensing::IpcConnector] Successfully connected to: "LicenseClient-Admin" at "2026-09-09T05:32:54.1823239Z"
OS: 'Windows 11  (10.0.22631) Professional' Language: 'ru' Physical Memory: 65220 MB
BatchMode: 1, IsHumanControllingUs: 0, StartBugReporterOnCrash: 0, Is64bit: 1
System  architecture: x64
Process architecture: x64
Date: 2026-09-09T05:32:54Z
[Licensing::Client] Code 10 while verifying Licensing Client signature (process Id: 28484, path: "C:/Program Files/Unity Hub/UnityLicensingClient_V1/Unity.Licensing.Client.exe")
[Licensing::Module] LicensingClient has failed validation; ignoring
[Licensing::Client] Handshaking with LicensingClient:
  Version:                 1.18.3+d7ffd15
  Session Id:              bc4b5f197fca4d9a979477a0e97f0f01
  Correlation Id:          7c0e77837aa6db7564fab6296155af31
  External correlation Id: 4055540901475015995
  Machine Id:              Z7NjLQBPwaCyszOl4OjOwhF5g2I=
[Licensing::Module] Successfully connected to LicensingClient on channel: "LicenseClient-Admin" (connect: 0.00s, validation: 0.00s, handshake: 0.05s)
[Licensing::IpcConnector] Successfully connected to: "LicenseClient-Admin-notifications" at "2026-09-09T05:32:54.233538Z"
[Licensing::Module] Error: Access token is unavailable; failed to update
[Licensing::Client] Successfully resolved entitlement details
[Licensing::Module] License group:
  Id: 6872798578653-UnityPersXXXX
  Product: Unity Personal
  Type: Assigned
  Expiration: Unlimited
[Licensing::Client] Successfully updated license, isAsync: True, time: 0.00
[Licensing::Module] Licensing Background thread has ended after 0.06s

COMMAND LINE ARGUMENTS:
C:\Program Files\Unity\Hub\Editor\6000.6.0f1\Editor\Unity.exe
-batchmode
-nographics
-projectPath
D:\Pet\Resume\companies\Highcore\QA Engineer\ArenaQA\analysis\validation-6000.6.0f1
-runTests
-testPlatform
EditMode
-testResults
D:\Pet\Resume\companies\Highcore\QA Engineer\ArenaQA\analysis\validation-6000.6.0f1\TestResults\20260909-073253-987\EditMode.xml
-logFile
D:\Pet\Resume\companies\Highcore\QA Engineer\ArenaQA\analysis\validation-6000.6.0f1\TestResults\20260909-073253-987\EditMode.log
Successfully changed project path to: D:\Pet\Resume\companies\Highcore\QA Engineer\ArenaQA\analysis\validation-6000.6.0f1
D:/Pet/Resume/companies/Highcore/QA Engineer/ArenaQA/analysis/validation-6000.6.0f1
[UnityMemory] Configuration Parameters - Can be set up in boot.config
    "memorysetup-temp-allocator-size-gi-baking-worker=262144"
    "memorysetup-temp-allocator-size-gi-baking-worker=262144"
    "memorysetup-temp-allocator-size-gi-baking-worker=262144"
    "memorysetup-temp-allocator-size-gi-baking-worker=262144"
    "memorysetup-temp-allocator-size-gi-baking-worker=262144"
    "memorysetup-temp-allocator-size-nav-mesh-worker=65536"
    "memorysetup-temp-allocator-size-audio-worker=65536"
    "memorysetup-temp-allocator-size-cloud-worker=32768"
    "memorysetup-temp-allocator-size-gfx=262144"
    "memorysetup-remapper-allocator-initial-capacity=32768"
    "memorysetup-temp-allocator-size-preload-manager=33554432"
    "memorysetup-allocator-temp-initial-block-size-main=262144"
    "memorysetup-allocator-temp-initial-block-size-worker=262144"
    "memorysetup-temp-allocator-size-job-worker=262144"
    "memorysetup-temp-allocator-size-background-worker=32768"
    "memorysetup-bucket-allocator-granularity=16"
    "memorysetup-bucket-allocator-bucket-count=8"
    "memorysetup-bucket-allocator-block-size=33554432"
    "memorysetup-bucket-allocator-block-count=8"
    "memorysetup-main-allocator-block-size=16777216"
    "memorysetup-thread-allocator-block-size=16777216"
    "memorysetup-main-allocator-mimalloc-enabled=1"
    "memorysetup-gfx-main-allocator-block-size=16777216"
    "memorysetup-gfx-thread-allocator-block-size=16777216"
    "memorysetup-cache-allocator-block-size=4194304"
    "memorysetup-typetree-allocator-block-size=2097152"
    "memorysetup-profiler-bucket-allocator-granularity=16"
    "memorysetup-profiler-bucket-allocator-bucket-count=8"
    "memorysetup-profiler-bucket-allocator-block-size=33554432"
    "memorysetup-profiler-bucket-allocator-block-count=8"
    "memorysetup-profiler-allocator-block-size=16777216"
    "memorysetup-profiler-editor-allocator-block-size=1048576"
    "memorysetup-temp-allocator-size-main=16777216"
    "memorysetup-job-temp-allocator-block-size=2097152"
    "memorysetup-job-temp-allocator-block-size-background=1048576"
    "memorysetup-job-temp-allocator-reduction-small-platforms=262144"
Logging is directed to a specific file, skipping project log.
Player connection [25396]  Target information:

Player connection [25396]  * "[IP] 10.5.50.173 [Port] 55504 [Flags] 2 [Guid] 3875575077 [EditorId] 3875575077 [Version] 1048832 [Id] WindowsEditor(7,DESKTOP-KDC2L46) [Debug] 1 [PackageName] WindowsEditor [ProjectName] Editor" 

Player connection [25396] Host joined multi-casting on [225.0.0.222:54997]...
Player connection [25396] Host joined alternative multi-casting on [225.0.0.222:34997]...
Input System module state changed to: Initialized.
[Physics::Module] Initialized fallback backend.
[Physics::Module] Id: 0xdecafbad
[Package Manager] Connected to IPC stream "Upm-35072" after 0.4 seconds.
[Licensing::Client] Successfully resolved entitlement details
Library Redirect Path: Library/
Launching Unity Data Store - C:/Program Files/Unity/Hub/Editor/6000.6.0f1/Editor/Data/Tools/Unity.DataStore.exe 
Unity Data Store artifact dir = Library/DataStore, working dir = D:/Pet/Resume/companies/Highcore/QA Engineer/ArenaQA/analysis/validation-6000.6.0f1[Physics::Module] Selected backend.
[Physics::Module] Name: PhysX
[Physics::Module] Id: 0xf2b8ea05
[Physics::Module] SDK Version: 4.1.2
[Physics::Module] Integration Version: 1.0.0
[Physics::Module] Threading Mode: Multi-Threaded
Unity Data Store running and initialised
Initialize engine version: 6000.6.0f1 (f7f8ed4d1e24)
[EntityIdStore] init: VM path (explicit commit), pageSize=4096, blockCount=1048576, entitiesPerBlock=256, slots reserved=4294967296 bytes
[Subsystems] Discovering subsystems at path C:/Program Files/Unity/Hub/Editor/6000.6.0f1/Editor/Data/Resources/UnitySubsystems
[Subsystems] Discovering subsystems at path D:/Pet/Resume/companies/Highcore/QA Engineer/ArenaQA/analysis/validation-6000.6.0f1/Assets
Forcing GfxDevice: Null
GfxDevice: creating device client; kGfxThreadingModeNonThreaded
NullGfxDevice:
    Version:  NULL 1.0 [1.0]
    Renderer: Null Device
    Vendor:   Unity Technologies
Initialize mono
Mono path[0] = 'C:/Program Files/Unity/Hub/Editor/6000.6.0f1/Editor/Data/Managed'
Mono path[1] = 'C:/Program Files/Unity/Hub/Editor/6000.6.0f1/Editor/Data/BCLExtensions/runtime/netstandard2.1'
Mono path[2] = 'C:/Program Files/Unity/Hub/Editor/6000.6.0f1/Editor/Data/MonoBleedingEdge/lib/mono/unityjit-win32'
Mono config path = 'C:/Program Files/Unity/Hub/Editor/6000.6.0f1/Editor/Data/MonoBleedingEdge/etc'
Using monoOptions --debugger-agent=transport=dt_socket,embedding=1,server=y,suspend=n,address=127.0.0.1:56072
CodeReloadManager initialized
ImportWorker Server TCP listen port: 0
AcceleratorClientConnectionCallback - disconnected - :0
Begin MonoManager ReloadAssembly
Registering precompiled unity dll's ...
Register platform support module: C:/Program Files/Unity/Hub/Editor/6000.6.0f1/Editor/Data/PlaybackEngines/WebGLSupport/UnityEditor.WebGL.Extensions.dll
Register platform support module: C:/Program Files/Unity/Hub/Editor/6000.6.0f1/Editor/Data/PlaybackEngines/WindowsStandaloneSupport/UnityEditor.WindowsStandalone.Extensions.dll
Registered in 0.002453 seconds.
Native extension for WindowsStandalone target not found
Native extension for WebGL target not found
Package Manager log level set to [2]
ScheduleIndexationOnStartup MainProcess:False IndexOnStartup:False
Scripting: successfully reloaded assembly
- Finished resetting the current domain, in  1.163 seconds
Domain Reload Profiling: 1930ms
	BeginReloadAssembly (190ms)
		CreateAndSetChildDomain (13ms)
	RebuildCommonClasses (6ms)
	RebuildNativeTypeToScriptingClass (24ms)
	initialDomainReloadingComplete (84ms)
	LoadAllAssembliesAndSetupDomain (460ms)
		LoadAssemblies (174ms)
		TypeCache.Refresh (312ms)
			TypeCache.ScanAssembly (293ms)
		AnalyzeDomain (1ms)
	FinalizeReload (1165ms)
		SetupLoadedEditorAssemblies (0ms)
			InitializePlatformSupportModulesInManaged (4ms)
			BeforeProcessingInitializeOnLoad (191ms)
			ProcessInitializeOnLoadAttributes (234ms)
			ProcessInitializeOnLoadMethodAttributes (360ms)
[Licensing::Client] Successfully resolved entitlement details
Application.AssetDatabase Initial Refresh Start
[Package Manager] Restoring resolved packages state from cache
[Licensing::Client] Successfully resolved entitlement details
[Package Manager] Registered 24 packages:
  Packages from [https://packages.unity.com]:
    com.unity.ide.rider@3.0.39 (location: D:\Pet\Resume\companies\Highcore\QA Engineer\ArenaQA\analysis\validation-6000.6.0f1\Library\PackageCache\com.unity.ide.rider@4504839d03f7)
    com.unity.ide.visualstudio@2.0.26 (location: D:\Pet\Resume\companies\Highcore\QA Engineer\ArenaQA\analysis\validation-6000.6.0f1\Library\PackageCache\com.unity.ide.visualstudio@a99d56dec63f)
  Built-in packages:
    com.unity.multiplayer.center@2.0.1 (location: D:\Pet\Resume\companies\Highcore\QA Engineer\ArenaQA\analysis\validation-6000.6.0f1\Library\PackageCache\com.unity.multiplayer.center@549886182930)
    com.unity.test-framework@1.8.0 (location: D:\Pet\Resume\companies\Highcore\QA Engineer\ArenaQA\analysis\validation-6000.6.0f1\Library\PackageCache\com.unity.test-framework@7a3849e09bd0)
    com.unity.ugui@2.6.0 (location: D:\Pet\Resume\companies\Highcore\QA Engineer\ArenaQA\analysis\validation-6000.6.0f1\Library\PackageCache\com.unity.ugui@23caec89ae27)
    com.unity.modules.accessibility@1.0.0 (location: D:\Pet\Resume\companies\Highcore\QA Engineer\ArenaQA\analysis\validation-6000.6.0f1\Library\PackageCache\com.unity.modules.accessibility)
    com.unity.modules.adaptiveperformance@1.0.0 (location: D:\Pet\Resume\companies\Highcore\QA Engineer\ArenaQA\analysis\validation-6000.6.0f1\Library\PackageCache\com.unity.modules.adaptiveperformance)
    com.unity.modules.animation@1.0.0 (location: D:\Pet\Resume\companies\Highcore\QA Engineer\ArenaQA\analysis\validation-6000.6.0f1\Library\PackageCache\com.unity.modules.animation)
    com.unity.modules.audio@1.0.0 (location: D:\Pet\Resume\companies\Highcore\QA Engineer\ArenaQA\analysis\validation-6000.6.0f1\Library\PackageCache\com.unity.modules.audio)
    com.unity.modules.imgui@1.0.0 (location: D:\Pet\Resume\companies\Highcore\QA Engineer\ArenaQA\analysis\validation-6000.6.0f1\Library\PackageCache\com.unity.modules.imgui)
    com.unity.modules.jsonserialize@1.0.0 (location: D:\Pet\Resume\companies\Highcore\QA Engineer\ArenaQA\analysis\validation-6000.6.0f1\Library\PackageCache\com.unity.modules.jsonserialize)
    com.unity.modules.physics@1.0.0 (location: D:\Pet\Resume\companies\Highcore\QA Engineer\ArenaQA\analysis\validation-6000.6.0f1\Library\PackageCache\com.unity.modules.physics)
    com.unity.modules.physics2d@1.0.0 (location: D:\Pet\Resume\companies\Highcore\QA Engineer\ArenaQA\analysis\validation-6000.6.0f1\Library\PackageCache\com.unity.modules.physics2d)
    com.unity.modules.physicscore2d@1.0.0 (location: D:\Pet\Resume\companies\Highcore\QA Engineer\ArenaQA\analysis\validation-6000.6.0f1\Library\PackageCache\com.unity.modules.physicscore2d)
    com.unity.modules.tetgen@1.0.0 (location: D:\Pet\Resume\companies\Highcore\QA Engineer\ArenaQA\analysis\validation-6000.6.0f1\Library\PackageCache\com.unity.modules.tetgen)
    com.unity.modules.timelinefoundation@1.0.0 (location: D:\Pet\Resume\companies\Highcore\QA Engineer\ArenaQA\analysis\validation-6000.6.0f1\Library\PackageCache\com.unity.modules.timelinefoundation)
    com.unity.modules.ui@1.0.0 (location: D:\Pet\Resume\companies\Highcore\QA Engineer\ArenaQA\analysis\validation-6000.6.0f1\Library\PackageCache\com.unity.modules.ui)
    com.unity.modules.uielements@1.0.0 (location: D:\Pet\Resume\companies\Highcore\QA Engineer\ArenaQA\analysis\validation-6000.6.0f1\Library\PackageCache\com.unity.modules.uielements)
    com.unity.modules.unitywebrequest@1.0.0 (location: D:\Pet\Resume\companies\Highcore\QA Engineer\ArenaQA\analysis\validation-6000.6.0f1\Library\PackageCache\com.unity.modules.unitywebrequest)
    com.unity.modules.vectorgraphics@1.0.0 (location: D:\Pet\Resume\companies\Highcore\QA Engineer\ArenaQA\analysis\validation-6000.6.0f1\Library\PackageCache\com.unity.modules.vectorgraphics)
    com.unity.modules.imageconversion@1.0.0 (location: D:\Pet\Resume\companies\Highcore\QA Engineer\ArenaQA\analysis\validation-6000.6.0f1\Library\PackageCache\com.unity.modules.imageconversion)
    com.unity.modules.hierarchycore@1.0.0 (location: D:\Pet\Resume\companies\Highcore\QA Engineer\ArenaQA\analysis\validation-6000.6.0f1\Library\PackageCache\com.unity.modules.hierarchycore)
    com.unity.modules.subsystems@1.0.0 (location: D:\Pet\Resume\companies\Highcore\QA Engineer\ArenaQA\analysis\validation-6000.6.0f1\Library\PackageCache\com.unity.modules.subsystems)
    com.unity.ext.nunit@2.1.0 (location: D:\Pet\Resume\companies\Highcore\QA Engineer\ArenaQA\analysis\validation-6000.6.0f1\Library\PackageCache\com.unity.ext.nunit@0198eae3b53e)
[Subsystems] No new subsystems found in resolved package list.
[Package Manager] Done registering packages in 0.01 seconds
[ScriptCompilation] Requested script compilation because: AssetDatabase observed changes in script compilation related files
Starting: C:\Program Files\Unity\Hub\Editor\6000.6.0f1\Editor\Data\Tools\BuildPipeline\bee_backend.exe --ipc --defer-dag-verification --dagfile="Library/Bee/1900b0aE.dag" --continue-on-failure --profile="Library/Bee/backend1.traceevents" ScriptAssemblies
WorkingDir: D:/Pet/Resume/companies/Highcore/QA Engineer/ArenaQA/analysis/validation-6000.6.0f1
DisplayProgressbar: Compiling Scripts
ExitCode: 0 Duration: 0s495ms
[281/325    0s] ILPP-Configuration Library/ilpp-configuration.nevergeneratedoutput
[321/325    0s] Csc Library/Bee/artifacts/1900b0aE.dag/Arena.Tests.PlayMode.dll (+2 others)
[322/325    0s] ILPostProcess Library/Bee/artifacts/1900b0aE.dag/post-processed/Arena.Tests.PlayMode.dll (+pdb)
Processing assembly Library/Bee/artifacts/1900b0aE.dag/Arena.Tests.PlayMode.dll, with 148 defines and 271 references

processors: zzzUnity.Burst.CodeGen.BurstILPostProcessor

1 processor(s) skipped this assembly
[323/325    0s] CopyFiles Library/ScriptAssemblies/Arena.Tests.PlayMode.dll
[324/325    0s] CopyFiles Library/ScriptAssemblies/Arena.Tests.PlayMode.pdb
*** Tundra build success (0.46 seconds), 5 items updated, 325 evaluated
Total cache size 3647500
AssetDatabase: script compilation time: 1.144389s
Total cache size after purge 3647500, took 00:00:00.0298288
Begin MonoManager ReloadAssembly
Importing 'GUID: 00000000000000001000000000000000 - Path: Assets' with importer (DefaultImporter)
Imported 'GUID: 00000000000000001000000000000000' -> (Import Result ID: '2740a6f043b2b326bdd7512375e96e57') in 0.025 seconds [static dependencies only]. Details - ImportResultOutputID=0bd79294e96b4d95e7775c04af3ef4c2 DependenciesID=5ddfff5767c8d340f2421f4cedfc88ba StaticDependenciesID=3cc2fb38edf9553804fe976b0521b786 
Importing 'GUID: 00000000000000002000000000000000 - Path: ProjectSettings/InputManager.asset' with importer (LibraryAssetImporter)
Imported 'GUID: 00000000000000002000000000000000' -> (Import Result ID: 'd54c3b22344f5659d8f1231ca12dc27f') in 0.002 seconds [static dependencies only]. Details - ImportResultOutputID=6ef5aadfef77827e2c23b904de4fe67c DependenciesID=230c3dc4decdcee345236da146e5ad56 StaticDependenciesID=121b9d84da6e41ec4ab375ad60d25101 
Importing 'GUID: 00000000000000003000000000000000 - Path: ProjectSettings/TagManager.asset' with importer (LibraryAssetImporter)
Imported 'GUID: 00000000000000003000000000000000' -> (Import Result ID: '678f3cf294967116dc76351ec4872afa') in 0.001 seconds [static dependencies only]. Details - ImportResultOutputID=f000288eab4d423778547d37d97a06b9 DependenciesID=a6b46091caa59292c8fb63cef46c12fe StaticDependenciesID=b04f3179d3e6d414023de40e2b046dc6 
Importing 'GUID: 00000000000000004000000000000000 - Path: ProjectSettings/ProjectSettings.asset' with importer (LibraryAssetImporter)
Imported 'GUID: 00000000000000004000000000000000' -> (Import Result ID: '06fe088c93926c5c9e90d18200986a1d') in 0.001 seconds [static dependencies only]. Details - ImportResultOutputID=054c890a8f4b6dddbea933bc5e4b7df4 DependenciesID=b7729d3307c6608594c3b996e3a0f683 StaticDependenciesID=a37820f31114bdd1b531623a0d4f0daa 
Importing 'GUID: 00000000000000006000000000000000 - Path: ProjectSettings/AudioManager.asset' with importer (LibraryAssetImporter)
Imported 'GUID: 00000000000000006000000000000000' -> (Import Result ID: '0f7614d2b61231e66ee7f08dc4ae9926') in 0.001 seconds [static dependencies only]. Details - ImportResultOutputID=d41ed101cdcb18327994de285944fd39 DependenciesID=971e702b08573c691c2dabd97b908d9f StaticDependenciesID=78bf59eed39219d4e919165573f8eef1 
Importing 'GUID: 00000000000000007000000000000000 - Path: ProjectSettings/TimeManager.asset' with importer (LibraryAssetImporter)
Imported 'GUID: 00000000000000007000000000000000' -> (Import Result ID: '7e12a84cd7ab56012d9fa64ef2a5a4da') in 0.001 seconds [static dependencies only]. Details - ImportResultOutputID=888360dbe4cb337dfbc4897083ee474b DependenciesID=d13400a85efeabf30011f29052cf7157 StaticDependenciesID=9d73b30445d3b0990b0ddb8080a69504 
Importing 'GUID: 00000000000000008000000000000000 - Path: ProjectSettings/DynamicsManager.asset' with importer (LibraryAssetImporter)
Imported 'GUID: 00000000000000008000000000000000' -> (Import Result ID: 'd555a665c1648694b3d624cbb545d5c5') in 0.001 seconds [static dependencies only]. Details - ImportResultOutputID=f4e5ea74158efa9a7415a6abc5cfeedf DependenciesID=63b81193a8a33e0487b4be2eaccbeca8 StaticDependenciesID=61c07d7329af6b7bb863b7ebb6832b6e 
Importing 'GUID: 00000000000000009000000000000000 - Path: ProjectSettings/QualitySettings.asset' with importer (LibraryAssetImporter)
Imported 'GUID: 00000000000000009000000000000000' -> (Import Result ID: 'cfacddb94c7f35942200be5b26936a31') in 0.001 seconds [static dependencies only]. Details - ImportResultOutputID=2a108b3da874f726c62fbe5f12be4a8a DependenciesID=ce94357f9d985fee94e420676a2fe093 StaticDependenciesID=5474af2cf0fa33f587753d1e75f2c1c8 
Importing 'GUID: 0000000000000000b000000000000000 - Path: ProjectSettings/EditorBuildSettings.asset' with importer (LibraryAssetImporter)
Imported 'GUID: 0000000000000000b000000000000000' -> (Import Result ID: 'b9e766585746be9593d22dbc95f5a8cd') in 0.001 seconds [static dependencies only]. Details - ImportResultOutputID=0a89a5c5f492143e0fa186859e17ba6f DependenciesID=35f5985406d25a24bfe13976bc666a40 StaticDependenciesID=7ffc112208a2ce7851a25abcdb58371b 
Importing 'GUID: 0000000000000000c000000000000000 - Path: ProjectSettings/EditorSettings.asset' with importer (LibraryAssetImporter)
Imported 'GUID: 0000000000000000c000000000000000' -> (Import Result ID: 'bcdfd726dbf472b15fd23281af28c275') in 0.001 seconds [static dependencies only]. Details - ImportResultOutputID=9bf1f3a6d7407228d033acb548d88253 DependenciesID=ab41561c6acc48b44e41322404ac0e97 StaticDependenciesID=9dbb2458e35c9ad7705f8d2d856fd86f 
Importing 'GUID: 00000000000000004100000000000000 - Path: ProjectSettings/NavMeshAreas.asset' with importer (LibraryAssetImporter)
Imported 'GUID: 00000000000000004100000000000000' -> (Import Result ID: '6d45cdfeb1bfb40d77eb18bc05170f5d') in 0.001 seconds [static dependencies only]. Details - ImportResultOutputID=431705ea786ba1fb0433b092fce391ed DependenciesID=006428ac89fa115e63b6f00fffd937e0 StaticDependenciesID=afafb33f82de12e3a954cd98f4797c04 
Importing 'GUID: 00000000000000005100000000000000 - Path: ProjectSettings/Physics2DSettings.asset' with importer (LibraryAssetImporter)
Imported 'GUID: 00000000000000005100000000000000' -> (Import Result ID: '60265d07f5ed1ada8c4c9a28eb855632') in 0.001 seconds [static dependencies only]. Details - ImportResultOutputID=d4b28e6b7b96fa6bea7060628c401421 DependenciesID=5ffc96378c3ec7d2c0805d8e5ed60d03 StaticDependenciesID=ce5d14f9b578cd7e7ce762642d5144c6 
Importing 'GUID: 00000000000000006100000000000000 - Path: ProjectSettings/GraphicsSettings.asset' with importer (LibraryAssetImporter)
Imported 'GUID: 00000000000000006100000000000000' -> (Import Result ID: 'c599a7efcf337672840db783ad5bf7b9') in 0.001 seconds [static dependencies only]. Details - ImportResultOutputID=a2dcdb8bc9503711bc0f2e2d72cfd36c DependenciesID=74994a1d661f4c5000e56079d21929c7 StaticDependenciesID=9f0e2987a3d890a43d16c60085bea988 
Importing 'GUID: 00000000000000007100000000000000 - Path: ProjectSettings/ClusterInputManager.asset' with importer (LibraryAssetImporter)
Imported 'GUID: 00000000000000007100000000000000' -> (Import Result ID: '8b2639835f617a8cc4a6d5700c2d349c') in 0.001 seconds [static dependencies only]. Details - ImportResultOutputID=588fc89fed83f51a5c1aa7c8db0cdfd8 DependenciesID=d1cf642007960b4b48fd712639d5e706 StaticDependenciesID=8551dfd6d84e41d9986952666a9ba359 
Importing 'GUID: 0000000000000000a100000000000000 - Path: ProjectSettings/UnityConnectSettings.asset' with importer (LibraryAssetImporter)
Imported 'GUID: 0000000000000000a100000000000000' -> (Import Result ID: '3f70f0fa4518a353310841306654c108') in 0.001 seconds [static dependencies only]. Details - ImportResultOutputID=a2c5944bc70168a38041609ba26dc022 DependenciesID=4a1c82e6ee69c790c3d447b2cb828ce9 StaticDependenciesID=3264ecc4596833ddf5aa4a17ebcd63ad 
Importing 'GUID: 0000000000000000b100000000000000 - Path: ProjectSettings/PresetManager.asset' with importer (LibraryAssetImporter)
Imported 'GUID: 0000000000000000b100000000000000' -> (Import Result ID: 'a96645bc3dfaaa3fd6624b6af3cbf7ad') in 0.001 seconds [static dependencies only]. Details - ImportResultOutputID=6bbf2909d22cca2bf12a4801b098b013 DependenciesID=21947c2b285f338af91358dbec501674 StaticDependenciesID=3deada782f54d913ad057dcb2a298072 
Importing 'GUID: 0000000000000000c100000000000000 - Path: ProjectSettings/VFXManager.asset' with importer (LibraryAssetImporter)
Imported 'GUID: 0000000000000000c100000000000000' -> (Import Result ID: '24a33246316b2fddd6099fa803f97af9') in 0.001 seconds [static dependencies only]. Details - ImportResultOutputID=f89698b22875eebc454842245beb374c DependenciesID=9da8b6c83b37b731cc389856294f3abf StaticDependenciesID=1b02c5a3d2845a5bde49ce6c8b8930d6 
Importing 'GUID: 0000000000000000d100000000000000 - Path: ProjectSettings/VersionControlSettings.asset' with importer (LibraryAssetImporter)
Imported 'GUID: 0000000000000000d100000000000000' -> (Import Result ID: '3e83132be3119f6d54f790f3f2e69c30') in 0.001 seconds [static dependencies only]. Details - ImportResultOutputID=fe7ea0ac71117227a6d09fba509747a9 DependenciesID=7d2bdc5d73a279af664e1fab02935448 StaticDependenciesID=84a73b2c199e7b6cd4d5a5a807690cd5 
Importing 'GUID: 0000000000000000f100000000000000 - Path: ProjectSettings/MemorySettings.asset' with importer (LibraryAssetImporter)
Imported 'GUID: 0000000000000000f100000000000000' -> (Import Result ID: 'd65cee58c901a7814f5274a2e3cf7773') in 0.001 seconds [static dependencies only]. Details - ImportResultOutputID=bc4e563a9c6fd2d5b4495e4db9c0cc0a DependenciesID=7b6b40e7f0ec85f4710f6a6ec377e275 StaticDependenciesID=c0f19c85db43eb80e09acb752f53c681 
Importing 'GUID: 00000000000000000200000000000000 - Path: ProjectSettings/MultiplayerManager.asset' with importer (LibraryAssetImporter)
Imported 'GUID: 00000000000000000200000000000000' -> (Import Result ID: '5b5943cb4a11ab72910d7931aaf05e46') in 0.001 seconds [static dependencies only]. Details - ImportResultOutputID=0f99ec37a18b74b8746d5bfd6ca7ca98 DependenciesID=0e1c97a4c87c44737f4f23290fb8e810 StaticDependenciesID=cd3757497757525a8124603ae764a6a2 
Importing 'GUID: 00000000000000001200000000000000 - Path: ProjectSettings/PhysicsCoreProjectSettings2D.asset' with importer (LibraryAssetImporter)
Imported 'GUID: 00000000000000001200000000000000' -> (Import Result ID: '990209b38044adfcfcf62e5b91ce1492') in 0.001 seconds [static dependencies only]. Details - ImportResultOutputID=fdcbf67861d1bc63eeeff8a918d0a8f1 DependenciesID=36b714542e13086a81b86f10149adff5 StaticDependenciesID=60cad0a1014b5338d21435bab7167415 
Importing 'GUID: 00000000000000002300000000000000 - Path: Library/BuildInstructions' with importer (DefaultImporter)
Imported 'GUID: 00000000000000002300000000000000' -> (Import Result ID: 'a80670de179e9c16064fd8e990e76876') in 0.001 seconds [static dependencies only]. Details - ImportResultOutputID=f125fbf11ce4ab979114dbed2f4fa98b DependenciesID=767c01dfc0924be3719004476dc4df22 StaticDependenciesID=e445e0bffc1e4a1d2bd6a79525da9468 
Importing 'GUID: c060426bfd6e82575228df6656368eaa - Path: Packages/com.unity.modules.imgui' with importer (DefaultImporter)
Imported 'GUID: c060426bfd6e82575228df6656368eaa' -> (Import Result ID: '682d49718337f9e8ad0c1953342b952a') in 0.001 seconds [static dependencies only]. Details - ImportResultOutputID=f5fc001a1ad129788ee2159d776db60d DependenciesID=6764ce33a9e0cede05d0ddf1e96d75b9 StaticDependenciesID=2e56775f807a7b7fbf419a5f33245a15 
Importing 'GUID: 1158e311a3101950348dcecb1bebc42d - Path: Packages/com.unity.modules.animation' with importer (DefaultImporter)
Imported 'GUID: 1158e311a3101950348dcecb1bebc42d' -> (Import Result ID: '1cb0286f7bb4c7d360b6caf15ede32b0') in 0.001 seconds [static dependencies only]. Details - ImportResultOutputID=97d562cce453a32c309d667bce4112d1 DependenciesID=52f4022a640f0eac7e51a897036d8e8d StaticDependenciesID=e943035d232a48aff280a6118f5ffaef 
Importing 'GUID: 22728b07c890e4ad6a0216e03ceedac4 - Path: Assets/Scenes' with importer (DefaultImporter)
Imported 'GUID: 22728b07c890e4ad6a0216e03ceedac4' -> (Import Result ID: '9b87f0731b3da5f792f86261599feaf1') in 0.001 seconds [static dependencies only]. Details - ImportResultOutputID=06f34bde298a412ccb7fa3279e2a0628 DependenciesID=146e082baa99d4ac3b4a999152133df0 StaticDependenciesID=9aab0a9dde0fff76206f698f480b9ce9 
Importing 'GUID: a274f705c1bd04a27bb920b4b7a61029 - Path: Assets/Tests' with importer (DefaultImporter)
Imported 'GUID: a274f705c1bd04a27bb920b4b7a61029' -> (Import Result ID: '7c36f75007908100c2dec0bd5aa11825') in 0.001 seconds [static dependencies only]. Details - ImportResultOutputID=b8261521c04077d17210dd38e044f21a DependenciesID=a605fb8961fe828e26aacf9a3c7f8d06 StaticDependenciesID=abd4d3cb6c0cb0a956948fcc2dc8b773 
Importing 'GUID: 04c6898809c37620ac863cc2a5d7c4d0 - Path: Packages/com.unity.modules.vectorgraphics' with importer (DefaultImporter)
Imported 'GUID: 04c6898809c37620ac863cc2a5d7c4d0' -> (Import Result ID: 'd21bec1616e53d255574d9cd0201e3f9') in 0.001 seconds [static dependencies only]. Details - ImportResultOutputID=98c0b597d8afa397b819beb7a43f5fac DependenciesID=6667ea3006c4561dd0dfaf5412302ccf StaticDependenciesID=88905f6b6cdccd2cb95e2927cc1a3df1 
Importing 'GUID: 25151ed74dce0c18857ead186416ac0c - Path: Packages/com.unity.modules.tetgen' with importer (DefaultImporter)
Imported 'GUID: 25151ed74dce0c18857ead186416ac0c' -> (Import Result ID: 'ad3d3ff065b099f3d3d989c01a95b76e') in 0.001 seconds [static dependencies only]. Details - ImportResultOutputID=7135452d37129296f8f5f522edc0cf0e DependenciesID=e34149d0dd79a755583c28b3d97cab01 StaticDependenciesID=fca226df487fba45a034e6c70bc853ff 
Importing 'GUID: 850c54ee0b9e1aa740b1c67792eb1f26 - Path: Packages/com.unity.modules.imageconversion' with importer (DefaultImporter)
Imported 'GUID: 850c54ee0b9e1aa740b1c67792eb1f26' -> (Import Result ID: 'af90ed7476409e3905a496d14f73b0b3') in 0.001 seconds [static dependencies only]. Details - ImportResultOutputID=25e734cd17db43fca0a5646b579b21a1 DependenciesID=90c0129b19f84391f2419c00975c86bf StaticDependenciesID=b48e8f51d07b36dd8eb41f52bf2ba024 
Importing 'GUID: c522a644a29fcab2eaf63298c118a65b - Path: Packages/com.unity.modules.unitywebrequest' with importer (DefaultImporter)
Imported 'GUID: c522a644a29fcab2eaf63298c118a65b' -> (Import Result ID: '35a749b2771ad0b4b5b34b5d03bd8927') in 0.001 seconds [static dependencies only]. Details - ImportResultOutputID=42d17fa5e199085b5ebf5fe43fc0c3d6 DependenciesID=ce37d507f238dcd94a9d3e589600c542 StaticDependenciesID=7efec60060c890ac0bae1bf9ffddf104 
Importing 'GUID: 56b94a5b6990c879bb0f057719d1064b - Path: Packages/com.unity.modules.subsystems' with importer (DefaultImporter)
Imported 'GUID: 56b94a5b6990c879bb0f057719d1064b' -> (Import Result ID: '1e1cac68e3dc83406039b3e43f583f41') in 0.001 seconds [static dependencies only]. Details - ImportResultOutputID=591e9811461758a92a9a5eebd6cecb29 DependenciesID=5d1820edfdde2b2d4fabcc25ffb06c61 StaticDependenciesID=8646805af60443a28f57ca14888394d2 
Importing 'GUID: d6db7caf2e852b75ebb9c6098418179c - Path: Packages/com.unity.modules.physics' with importer (DefaultImporter)
Imported 'GUID: d6db7caf2e852b75ebb9c6098418179c' -> (Import Result ID: '9421eab3ec98d72e486581695fe386a6') in 0.001 seconds [static dependencies only]. Details - ImportResultOutputID=d99447c570abb9a9d540ac85d945527e DependenciesID=1576c1ebbc2e43cb8cd783a66da88e02 StaticDependenciesID=439d4caa592175ac26fb77639f400716 
Importing 'GUID: 27dc3ec1ec6ff4c5da6ec03561c7859e - Path: Assets/Scripts' with importer (DefaultImporter)
Imported 'GUID: 27dc3ec1ec6ff4c5da6ec03561c7859e' -> (Import Result ID: 'c19eb07d70fa212ce557c90e2f8277ee') in 0.001 seconds [static dependencies only]. Details - ImportResultOutputID=3acfceecc7d63e91408257e06bd96eb3 DependenciesID=a8b303668ccc0284944c81608edd2f48 StaticDependenciesID=54b121ecfa592c2d6086af5f7a99495b 
Importing 'GUID: 376c84ea405e0f2b80562c23bb977216 - Path: Packages/com.unity.modules.physics2d' with importer (DefaultImporter)
Imported 'GUID: 376c84ea405e0f2b80562c23bb977216' -> (Import Result ID: '46fcc1a3300c8fe45a973eefc3817c4d') in 0.001 seconds [static dependencies only]. Details - ImportResultOutputID=76abd9b5f9d9723c46af1bb476315b64 DependenciesID=c7cdb6995e1fd6f8bb262dc47a15263a StaticDependenciesID=9eb03461e036054c251ca5627068ed0b 
Importing 'GUID: c72c70ec0dc14895c2a062d690485576 - Path: Packages/com.unity.test-framework' with importer (DefaultImporter)
Imported 'GUID: c72c70ec0dc14895c2a062d690485576' -> (Import Result ID: 'c2e37b6dd33afc93bd441c5b2e04aca2') in 0.001 seconds [static dependencies only]. Details - ImportResultOutputID=860856971941c6002997bd0301743dca DependenciesID=9c16e414711a5b87739efa699d3ccb36 StaticDependenciesID=834dcc71b6307b2d9cef8e0fe10a93a4 
Importing 'GUID: 2808ba6bccb2478ec9c7209d8bf1f3cc - Path: Packages/com.unity.modules.uielements' with importer (DefaultImporter)
Imported 'GUID: 2808ba6bccb2478ec9c7209d8bf1f3cc' -> (Import Result ID: '153312f574ed1d0674a499dcf69f6e2e') in 0.001 seconds [static dependencies only]. Details - ImportResultOutputID=12cb061fd9999a181bc535c6b37ba619 DependenciesID=3775b7c3743238b3a9049dc6ee9ac479 StaticDependenciesID=c9f81fd34bb8d67e782b0e178c6451fc 
Importing 'GUID: 783ee1c8fd4414848db1be97aacf44fb - Path: Packages/com.unity.modules.accessibility' with importer (DefaultImporter)
Imported 'GUID: 783ee1c8fd4414848db1be97aacf44fb' -> (Import Result ID: 'd97fd9100026c83b7eab6442b35a6dfe') in 0.001 seconds [static dependencies only]. Details - ImportResultOutputID=b1a6fb629863cf49412e01a1187bce30 DependenciesID=ab378ab1f895b7da7c274adfb847146d StaticDependenciesID=1820134102485c8dcf06b8f28d566909 
Importing 'GUID: 39728903e57c60021f80449a8bbc0096 - Path: Packages/com.unity.modules.ui' with importer (DefaultImporter)
Imported 'GUID: 39728903e57c60021f80449a8bbc0096' -> (Import Result ID: 'e4a206413ae403e264c1310773f95923') in 0.001 seconds [static dependencies only]. Details - ImportResultOutputID=b3a99ae549e12123977db11a77fa6dc8 DependenciesID=29c98a9193e31f636bb291b540413632 StaticDependenciesID=64b148cd46a70c82ade3f7e7b5c1a3d8 
Importing 'GUID: b975297a992381c1f3257d0e96892c8a - Path: Packages/com.unity.modules.adaptiveperformance' with importer (DefaultImporter)
Imported 'GUID: b975297a992381c1f3257d0e96892c8a' -> (Import Result ID: '5dd5375c68fa3e6abf2dd2eab8f3129b') in 0.001 seconds [static dependencies only]. Details - ImportResultOutputID=0cd6330dcea8a5bd6d28730f133919ed DependenciesID=0ff1fb351239dca6cd6b0fbaafdc6d08 StaticDependenciesID=992c185302a1e43be8290147a49a88b4 
Importing 'GUID: 6a3a3693ffc4de1c2c442256937a224e - Path: Packages/com.unity.ide.rider' with importer (DefaultImporter)
Imported 'GUID: 6a3a3693ffc4de1c2c442256937a224e' -> (Import Result ID: '185e7488df241a35a1bb62508eb9aa73') in 0.001 seconds [static dependencies only]. Details - ImportResultOutputID=95dc81a928df7beda4b4a06c96247f20 DependenciesID=cec87da24fc8630ff293848b8fc833df StaticDependenciesID=b9f277d45a33cc383ff4bba638ef0814 
Importing 'GUID: cae78bb88f8c8675e30d16908805e79d - Path: Packages/com.unity.modules.timelinefoundation' with importer (DefaultImporter)
Imported 'GUID: cae78bb88f8c8675e30d16908805e79d' -> (Import Result ID: 'ea0e075dc8747fa2dad92aa60a98d1eb') in 0.001 seconds [static dependencies only]. Details - ImportResultOutputID=35905693e3216167cee053e3e1b8184e DependenciesID=8f823fd19bdbf3d450ef6f4a3159c9b1 StaticDependenciesID=b16c0b43e2d1595a5fdf54aaaf0e3f3e 
Importing 'GUID: dac877ce12a0032c308710d9d8dc207c - Path: Packages/com.unity.multiplayer.center' with importer (DefaultImporter)
Imported 'GUID: dac877ce12a0032c308710d9d8dc207c' -> (Import Result ID: 'e03b608bc8c70eb99c54d9d75a56ad83') in 0.001 seconds [static dependencies only]. Details - ImportResultOutputID=f0adb4aeb2a8bb5c9181cd42dc3baf84 DependenciesID=cd783e2ec14235839cab65846e673995 StaticDependenciesID=cb7a17575ca52d59065bb846eb56cae4 
Importing 'GUID: 6b81377a4453ba7362eb3322f9bcc6c6 - Path: Packages/com.unity.modules.hierarchycore' with importer (DefaultImporter)
Imported 'GUID: 6b81377a4453ba7362eb3322f9bcc6c6' -> (Import Result ID: '8053c8d7db29af5fb0397e31dc86d875') in 0.001 seconds [static dependencies only]. Details - ImportResultOutputID=b0f4c945e5b6d2aa74b5842b405198e4 DependenciesID=c32b8cafebbc9f2d375525771f4ac028 StaticDependenciesID=49f6e71f33c0322e78878928ccd547ff 
Importing 'GUID: fc3a810351931f5e6183e16b9beb5563 - Path: Packages/com.unity.modules.jsonserialize' with importer (DefaultImporter)
Imported 'GUID: fc3a810351931f5e6183e16b9beb5563' -> (Import Result ID: '4c717e052ed35040b01181b8aeeabdce') in 0.001 seconds [static dependencies only]. Details - ImportResultOutputID=3becf28e3d8c6fcaad27baf9eff49eb7 DependenciesID=848cd90e9b19286877089217404f8606 StaticDependenciesID=36176ea3334c5c247398aca84b71bb81 
Importing 'GUID: 2d6ba5cbe47e6ad3c87474c56174d4e0 - Path: Packages/com.unity.modules.audio' with importer (DefaultImporter)
Imported 'GUID: 2d6ba5cbe47e6ad3c87474c56174d4e0' -> (Import Result ID: 'b5aa5d11b09542a046a40d1b9836ff98') in 0.001 seconds [static dependencies only]. Details - ImportResultOutputID=e6811b686232d75db22bc2980b93bbaf DependenciesID=6751c7af021b92ac82702bc31f5cbdd7 StaticDependenciesID=c2d0f4358e023c44cf92941866870ca5 
Importing 'GUID: 5e22a8d6e557a1b3cae09054b0b5f9d8 - Path: Packages/com.unity.modules.physicscore2d' with importer (DefaultImporter)
Imported 'GUID: 5e22a8d6e557a1b3cae09054b0b5f9d8' -> (Import Result ID: '07edaf449a0a9b117acb9569ab2afb59') in 0.001 seconds [static dependencies only]. Details - ImportResultOutputID=e63105581d85229110be56a07ce9b194 DependenciesID=e74a20b9f862d58818230d53b786679c StaticDependenciesID=1a6acdd98d030a9eaa3796880b97de04 
Importing 'GUID: fe4917d0f6ea59979b332b4bbffbb92e - Path: Packages/com.unity.ugui' with importer (DefaultImporter)
Imported 'GUID: fe4917d0f6ea59979b332b4bbffbb92e' -> (Import Result ID: '503eabd386a94c0a4aff3110ba4878b9') in 0.001 seconds [static dependencies only]. Details - ImportResultOutputID=c6d61d0e62bfaff1d751b536deb047dd DependenciesID=f5494983030038c40ec887cf7419a529 StaticDependenciesID=707f431529516103cfaf62260722e1dd 
Importing 'GUID: 0fd4e399f8f08ad7d825c8afb134f255 - Path: Packages/com.unity.ide.visualstudio' with importer (DefaultImporter)
Imported 'GUID: 0fd4e399f8f08ad7d825c8afb134f255' -> (Import Result ID: '18e78c50a178140b49e76bc29674c034') in 0.001 seconds [static dependencies only]. Details - ImportResultOutputID=ec68da80d563fdf2b06a4a6e2331dfca DependenciesID=dc57245625133417ec457cea80e1e96c StaticDependenciesID=1137294c1d635dbdda6c27d40a5fd044 
Importing 'GUID: 5f60ae7f29cc1436f87143277a9115de - Path: Assets/Editor' with importer (DefaultImporter)
Imported 'GUID: 5f60ae7f29cc1436f87143277a9115de' -> (Import Result ID: '7c66c0125664ec8cf7857fecece491a4') in 0.001 seconds [static dependencies only]. Details - ImportResultOutputID=ace7e8161984fadbdb27a9d0e891e737 DependenciesID=2040eaa43ed05b47f1e93275c3fbfaee StaticDependenciesID=9532d59e3a88c977b1cb5f9d323ba3ef 
Importing 'GUID: 9f2214f1d2afdb23b011c486f9dcea1b - Path: Packages/com.unity.ext.nunit' with importer (DefaultImporter)
Imported 'GUID: 9f2214f1d2afdb23b011c486f9dcea1b' -> (Import Result ID: '92d046cc2ce0e2aa37cd71476c4890ba') in 0.001 seconds [static dependencies only]. Details - ImportResultOutputID=5d48fc592d097cd8671e05de607d44b7 DependenciesID=40443867d3f42fa9691d65597ed1686a StaticDependenciesID=2bca5968263aa8a69066e31e4e57f016 
Importing 'GUID: 9129183a42052cd43b9c284d6dbd541e - Path: Packages/com.unity.ide.rider/Rider' with importer (DefaultImporter)
Imported 'GUID: 9129183a42052cd43b9c284d6dbd541e' -> (Import Result ID: '2e064d669d36b5627aa5adccf43e47a4') in 0.001 seconds [static dependencies only]. Details - ImportResultOutputID=50472d7e4f09d234dadf221da2ac460d DependenciesID=3191c4b4598752bb64810f85d6aa4b8b StaticDependenciesID=d4c51cc78167c7a990c711e25f7fd519 
Importing 'GUID: d1a0a27327b54c3bac52a08929c33f81 - Path: Packages/com.unity.ugui/Editor Resources' with importer (DefaultImporter)
Imported 'GUID: d1a0a27327b54c3bac52a08929c33f81' -> (Import Result ID: 'ec55dcc419ded51d28ae0a99aa205c97') in 0.001 seconds [static dependencies only]. Details - ImportResultOutputID=f1f0263b99f7113da7a3d99551a16ff8 DependenciesID=fe53430d6bdc0951dc480a83062293b6 StaticDependenciesID=a4836ef5fff7300b94aab4372d89c5fd 
Importing 'GUID: 72aad6ae0dafb492cbf852432441bb38 - Path: Packages/com.unity.multiplayer.center/Editor' with importer (DefaultImporter)
Imported 'GUID: 72aad6ae0dafb492cbf852432441bb38' -> (Import Result ID: '0df7b77f9e494c2917bff49ebc3e02f4') in 0.001 seconds [static dependencies only]. Details - ImportResultOutputID=a3a2e063abf71eb7860e41e58b2be2a9 DependenciesID=6dd1f2f0f5d6e6d11833fe5ce6b48870 StaticDependenciesID=7a3a2c7fca4cbda135efd83de3c4d01c 
Importing 'GUID: 950890083f4907541a6ed06d70959e49 - Path: Packages/com.unity.test-framework/UnityEngine.TestRunner' with importer (DefaultImporter)
Imported 'GUID: 950890083f4907541a6ed06d70959e49' -> (Import Result ID: '5422a1785599eb93fb792bbdcb3f16e4') in 0.001 seconds [static dependencies only]. Details - ImportResultOutputID=f6c49cf3c78c1306a347777433ee6db0 DependenciesID=69756093b8a699b18ba8195d0d6da2f4 StaticDependenciesID=8c40e074cc82c029e468974f14c0d290 
Importing 'GUID: 95cdf27b47eb82747ba9e51f41e72a35 - Path: Packages/com.unity.test-framework/UnityEditor.TestRunner' with importer (DefaultImporter)
Imported 'GUID: 95cdf27b47eb82747ba9e51f41e72a35' -> (Import Result ID: '9e4eac3d4be80606c480ab59e98751a9') in 0.001 seconds [static dependencies only]. Details - ImportResultOutputID=a3e11e30e6d6e4421b35206823482237 DependenciesID=9d39b36edadc380c0691b334dbc1ecf9 StaticDependenciesID=f37ac8c8740d138a97ed3450c7fec262 
Importing 'GUID: c53349df285f544579e96a0687d998e3 - Path: Assets/Scripts/Waves' with importer (DefaultImporter)
Imported 'GUID: c53349df285f544579e96a0687d998e3' -> (Import Result ID: 'bea7235dd85b0d961863e6d83a9d5bb2') in 0.001 seconds [static dependencies only]. Details - ImportResultOutputID=d470648d1482ade2772dfde09499c45b DependenciesID=dc4c1249c5908bd94a9f0765dd3e866b StaticDependenciesID=fc3481438ad6ef1c2f1f2539bd49c195 
Importing 'GUID: 867c2010243144ea4afa0e46c8feb189 - Path: Assets/Scripts/Game' with importer (DefaultImporter)
Imported 'GUID: 867c2010243144ea4afa0e46c8feb189' -> (Import Result ID: '9012d37f9e7a1a90cb6c7966315e60e0') in 0.001 seconds [static dependencies only]. Details - ImportResultOutputID=288d8d4ec75621aa9adfefedbcf13894 DependenciesID=6803c987cd861fcb7a802a5b41e44037 StaticDependenciesID=f622ca6f0d3e7d0f66242808d9169f85 
Importing 'GUID: 17ad78f5d8f35452596b18424c3606b3 - Path: Assets/Scripts/Economy' with importer (DefaultImporter)
Imported 'GUID: 17ad78f5d8f35452596b18424c3606b3' -> (Import Result ID: 'a40c61bd002afff0d9ae2b74aa2ca468') in 0.001 seconds [static dependencies only]. Details - ImportResultOutputID=4ee998180916327fd3cbc87e6d0f39c1 DependenciesID=dcce9a68aebb9fc4e74721ac9066b0f2 StaticDependenciesID=6b89ec899297fa41d981dedd44a79eaf 
Importing 'GUID: 97caf036b331940f69652eb607043b95 - Path: Assets/Tests/EditMode' with importer (DefaultImporter)
Imported 'GUID: 97caf036b331940f69652eb607043b95' -> (Import Result ID: '5e600397b53526c33cf790d8ea958c8d') in 0.001 seconds [static dependencies only]. Details - ImportResultOutputID=a6a3a01cccfc089e29229891dfd4deec DependenciesID=0199d41a6f926e3d9459e4706a6201f5 StaticDependenciesID=8c4247923f445f4dd753118fb96a22c6 
Importing 'GUID: f768a2de500b44b34ac09c1515bf34f8 - Path: Assets/Scripts/Combat' with importer (DefaultImporter)
Imported 'GUID: f768a2de500b44b34ac09c1515bf34f8' -> (Import Result ID: 'aae69cc87d1d2e4ade2ff5971c7d7857') in 0.001 seconds [static dependencies only]. Details - ImportResultOutputID=96886f8c4fedb9bfc847b8c3a168f892 DependenciesID=363b38645281c7f4d9c4fd65c2f55f55 StaticDependenciesID=a37e48a16d846ee98bdd4107f6298821 
Importing 'GUID: d850db319a63d2546932ff76fe55a498 - Path: Packages/com.unity.ugui/Tests' with importer (DefaultImporter)
Imported 'GUID: d850db319a63d2546932ff76fe55a498' -> (Import Result ID: 'f7b29b916ad8dacf79347779596592af') in 0.001 seconds [static dependencies only]. Details - ImportResultOutputID=afe8a3e3be711a616ae011e8dc80e85e DependenciesID=02e2302c72c0af43f6504cc6cee9b334 StaticDependenciesID=342d01c1c59c1481d269928e2d1f3ee4 
Importing 'GUID: 7916b83b4c39041dca185158f14b26ba - Path: Assets/Tests/PlayMode' with importer (DefaultImporter)
Imported 'GUID: 7916b83b4c39041dca185158f14b26ba' -> (Import Result ID: '9ca419c97612372cd2f93f328695c321') in 0.001 seconds [static dependencies only]. Details - ImportResultOutputID=18a4b800c66954d56c519bbe4e155228 DependenciesID=058417be0a8d1161d57d73f101f17bab StaticDependenciesID=455d14bccb2658813030759ea54047d7 
Importing 'GUID: a962d501f44484c37814dbad5ed605e9 - Path: Packages/com.unity.ext.nunit/net472' with importer (DefaultImporter)
Imported 'GUID: a962d501f44484c37814dbad5ed605e9' -> (Import Result ID: '76b77a009ad5fb72fd70a9115f27f3e1') in 0.001 seconds [static dependencies only]. Details - ImportResultOutputID=3914cdc36fc7f24719fb0ee236ca7348 DependenciesID=50e82c912778d96e34aad6ac493c2930 StaticDependenciesID=f6ddab29764b7085042006a521a63f66 
Importing 'GUID: 4a707af59e3522d43afe34dfc4429b86 - Path: Packages/com.unity.ide.visualstudio/Editor' with importer (DefaultImporter)
Imported 'GUID: 4a707af59e3522d43afe34dfc4429b86' -> (Import Result ID: '9160f5a97c59809f3030a1229da3fa24') in 0.001 seconds [static dependencies only]. Details - ImportResultOutputID=24776a91236061bdcd717ecc29c97f04 DependenciesID=9a93991a953e549808b4636841e7ff35 StaticDependenciesID=9dd1cf8e586c0381789cef366eb6190d 
Importing 'GUID: aa14b70e6a58c5b4fa6663623e3dca91 - Path: Packages/com.unity.ugui/Runtime' with importer (DefaultImporter)
Imported 'GUID: aa14b70e6a58c5b4fa6663623e3dca91' -> (Import Result ID: '991e686a4c86372c8a2aae8638ea4208') in 0.001 seconds [static dependencies only]. Details - ImportResultOutputID=b4a8e4947743ed325c523ab5353898eb DependenciesID=26cbaacde89f82161dd9cefad7f02579 StaticDependenciesID=61249acfaefe73eb858339717067ee99 
Importing 'GUID: baf75c9d3de4941df9ee5f3dd1d3bc34 - Path: Packages/com.unity.multiplayer.center/Tests' with importer (DefaultImporter)
Imported 'GUID: baf75c9d3de4941df9ee5f3dd1d3bc34' -> (Import Result ID: '801ec1fe7643c60f4429114183ff3522') in 0.001 seconds [static dependencies only]. Details - ImportResultOutputID=cf06c0f42563b9dfb267448126673afd DependenciesID=97e2a447bf0f2d2f5cfae9a3d17f2f58 StaticDependenciesID=0586f95f176474779b42dcd95909ca4e 
Importing 'GUID: 3b84f11c8ae9b42519c93b6b254edf61 - Path: Assets/Scripts/Pooling' with importer (DefaultImporter)
Imported 'GUID: 3b84f11c8ae9b42519c93b6b254edf61' -> (Import Result ID: '22fbc57030a013f3fabe92ebd76b1936') in 0.001 seconds [static dependencies only]. Details - ImportResultOutputID=1a03b96741785a19cfee4befbb8672fe DependenciesID=3ef77904841687d643e12ff6a29d8c93 StaticDependenciesID=b7e752dd953330e87795fd81d9aa2671 
Importing 'GUID: 5ec95f4d5b2d1f14e9ff8682562553f9 - Path: Packages/com.unity.ugui/Package Resources' with importer (DefaultImporter)
Imported 'GUID: 5ec95f4d5b2d1f14e9ff8682562553f9' -> (Import Result ID: '88662b6b3983d8bf7037f6bd62766dc2') in 0.001 seconds [static dependencies only]. Details - ImportResultOutputID=11c256cab0caecb35df8271557cec644 DependenciesID=6e644dc4c3fdef9b6716bdc789ba1f32 StaticDependenciesID=699112060df6ad49f8b22de2e09685cd 
Importing 'GUID: 7eca1f1878c5f886dbc7d37527c558b2 - Path: Packages/com.unity.multiplayer.center/Common' with importer (DefaultImporter)
Imported 'GUID: 7eca1f1878c5f886dbc7d37527c558b2' -> (Import Result ID: '93b62c49ca95c3f54996a84c7cd2dc4e') in 0.001 seconds [static dependencies only]. Details - ImportResultOutputID=4a366990d881e1e8914242e75be11b71 DependenciesID=ccf9b02b82460924d0a5beea7ef46fcd StaticDependenciesID=644561ae585072ea0ee51a3e5e82f35f 
Importing 'GUID: bee384ad5b4d1a843a018082e7db53cd - Path: Packages/com.unity.ugui/Editor' with importer (DefaultImporter)
Imported 'GUID: bee384ad5b4d1a843a018082e7db53cd' -> (Import Result ID: 'a845868bf9acf2749f852d4314b74912') in 0.001 seconds [static dependencies only]. Details - ImportResultOutputID=a0fd560b98a41f82a474a4017d1b5719 DependenciesID=6e786a153a6ad753d721be32b5b9071c StaticDependenciesID=79c334d152f5471a8b04745b673dd376 
Importing 'GUID: 10d1425d9e87841d9a9deafe9e93a6f2 - Path: Packages/com.unity.ugui/Editor/TMP' with importer (DefaultImporter)
Imported 'GUID: 10d1425d9e87841d9a9deafe9e93a6f2' -> (Import Result ID: '27e9a06f425c7da588f5cf9fc23b5a9c') in 0.001 seconds [static dependencies only]. Details - ImportResultOutputID=2731610303d1e923ce3d8a98b0b79e45 DependenciesID=c4d2c26a21c1ef1bac5f717852eebc72 StaticDependenciesID=6ffccc06619ac6ae06fea1f09c096194 
Importing 'GUID: 619aadd8f276341ca84d7ad5a9c6db21 - Path: Packages/com.unity.ugui/Runtime/TMP' with importer (DefaultImporter)
Imported 'GUID: 619aadd8f276341ca84d7ad5a9c6db21' -> (Import Result ID: '7a7fa9cacfef57b8d9a51d43a588b6a1') in 0.001 seconds [static dependencies only]. Details - ImportResultOutputID=dd676c53e7bbae2a614be5f81a3feeb6 DependenciesID=f0e56af0f635fd2ed7695f7a0e0097d8 StaticDependenciesID=23902ad2a6056154a8a28f2f0063d7d4 
Importing 'GUID: c1acaf0ab2c6646b8a492e27312f4d25 - Path: Packages/com.unity.multiplayer.center/Editor/Analytics' with importer (DefaultImporter)
Imported 'GUID: c1acaf0ab2c6646b8a492e27312f4d25' -> (Import Result ID: 'd8a783055d002257fe6f1f99cccae7a3') in 0.001 seconds [static dependencies only]. Details - ImportResultOutputID=fa810ac95d619ab39599a29004d39fb1 DependenciesID=1d5dc9538efbda7001748291f5ae6074 StaticDependenciesID=943e8c49e0898fa34fcad44726cd8a1d 
Importing 'GUID: 936bea4b2545c4a4fad2e623b0f6371f - Path: Packages/com.unity.ugui/Tests/Editor' with importer (DefaultImporter)
Imported 'GUID: 936bea4b2545c4a4fad2e623b0f6371f' -> (Import Result ID: '486491fcb0ba74336d1bf76fcc02b685') in 0.001 seconds [static dependencies only]. Details - ImportResultOutputID=5e2f9f05513aba926879e97ca8e205cd DependenciesID=8f99883bce6b6fd0ffe65519cc1bb154 StaticDependenciesID=a42b50904223cea4eaa7035b6f2aaf65 
Importing 'GUID: 936c6340f3468444ebb1785b4c311126 - Path: Packages/com.unity.test-framework/UnityEditor.TestRunner/UnityTestProtocol' with importer (DefaultImporter)
Imported 'GUID: 936c6340f3468444ebb1785b4c311126' -> (Import Result ID: 'bc6496cdfaaafc392525dad260097bbd') in 0.001 seconds [static dependencies only]. Details - ImportResultOutputID=4714ff5427e94daa5aeb958b917aaacd DependenciesID=68c48a8b26e684fc54274df37f409a1d StaticDependenciesID=3abb03fabfd47a992a93761f4f4661a5 
Importing 'GUID: b477d1f29b65a674e9d5cdab4eb72b01 - Path: Packages/com.unity.test-framework/UnityEditor.TestRunner/CommandLineTest' with importer (DefaultImporter)
Imported 'GUID: b477d1f29b65a674e9d5cdab4eb72b01' -> (Import Result ID: 'd4f41dd1b5c53711bf77823560bd1f48') in 0.001 seconds [static dependencies only]. Details - ImportResultOutputID=347f0b734e3646a40393a44e378409d9 DependenciesID=5a385367feb37e7adfec805d3698e690 StaticDependenciesID=d212bef65a570d87ab682ac28d49b4fb 
Importing 'GUID: 95b719082a664ea45bb56759eed1f271 - Path: Packages/com.unity.test-framework/UnityEditor.TestRunner/TestSettings' with importer (DefaultImporter)
Imported 'GUID: 95b719082a664ea45bb56759eed1f271' -> (Import Result ID: '72b019086dcd534785918cbf3b57c64f') in 0.001 seconds [static dependencies only]. Details - ImportResultOutputID=02d9a799a0d85b6973bb6a6373c4fead DependenciesID=31fc233335bf5e1f0be9b71318709999 StaticDependenciesID=2a106916a4c016b5d6904c3d6460f857 
Importing 'GUID: c545241cf2e56ec4997d7677f01ef43d - Path: Packages/com.unity.ugui/Tests/Runtime' with importer (DefaultImporter)
Imported 'GUID: c545241cf2e56ec4997d7677f01ef43d' -> (Import Result ID: '6a889a8ebadd1d1bf8f5d6b1b524c512') in 0.001 seconds [static dependencies only]. Details - ImportResultOutputID=b49dc4bddfefa834d76a8f1255a3c59e DependenciesID=9d5b0ed881b9bacb25cd05e7a471479b StaticDependenciesID=30dfe8bd27135fa7f5878ecdcbfb3237 
Importing 'GUID: c52726d811a9f66459355df6b0c3977b - Path: Packages/com.unity.ugui/Editor/Analytics' with importer (DefaultImporter)
Imported 'GUID: c52726d811a9f66459355df6b0c3977b' -> (Import Result ID: '19310e2e377ef8d11d75bfef3780e200') in 0.001 seconds [static dependencies only]. Details - ImportResultOutputID=ca7654a605c7595a3cdce6fde48bc1a5 DependenciesID=d872071f5c6951352ab64c363957029d StaticDependenciesID=f462490dc6592ce0a35842bd4ce49f35 
Importing 'GUID: 36422aa067e092e45b9820da2ee3e728 - Path: Packages/com.unity.ide.visualstudio/Editor/COMIntegration' with importer (DefaultImporter)
Imported 'GUID: 36422aa067e092e45b9820da2ee3e728' -> (Import Result ID: '3b1a253a0ef9e29a3f9df6083bc0302f') in 0.001 seconds [static dependencies only]. Details - ImportResultOutputID=85d0ebfb69079172a613a7ccea043221 DependenciesID=1e057067367793670ee9288ef6ede92b StaticDependenciesID=2974e38a59ca99da3e9ca63d964f886d 
Importing 'GUID: 7602252bdb82b8d45ae3483c3a00d3e1 - Path: Packages/com.unity.test-framework/UnityEditor.TestRunner/CommandLineParser' with importer (DefaultImporter)
Imported 'GUID: 7602252bdb82b8d45ae3483c3a00d3e1' -> (Import Result ID: '93a5395bb7cdee65b531379cd6c81923') in 0.001 seconds [static dependencies only]. Details - ImportResultOutputID=8b32be5a03503677079543b7ee882ccf DependenciesID=a44a09122cb0442ac41988b7da877efe StaticDependenciesID=0b5346cd21362481afef2626785d3c15 
Importing 'GUID: 96c71b811fa50403690b154e216fe217 - Path: Packages/com.unity.multiplayer.center/Tests/Editor' with importer (DefaultImporter)
Imported 'GUID: 96c71b811fa50403690b154e216fe217' -> (Import Result ID: '2bdccc605adf106c3097020e0e4d35ce') in 0.001 seconds [static dependencies only]. Details - ImportResultOutputID=7fa02ebe42d83f23937425c9c04e093a DependenciesID=2e5906a9425447bc79a55fa502fd1a7d StaticDependenciesID=a13157fa049152d3278a1cbfd5206af9 
Importing 'GUID: d64d92e4f04a13e4b99ea8d48e9e8ae9 - Path: Packages/com.unity.test-framework/UnityEditor.TestRunner/TestLaunchers' with importer (DefaultImporter)
Imported 'GUID: d64d92e4f04a13e4b99ea8d48e9e8ae9' -> (Import Result ID: 'f4856e91216acb16e8b6e9ad33069d23') in 0.001 seconds [static dependencies only]. Details - ImportResultOutputID=0f426670ce7a7cceb4872b922e9dee57 DependenciesID=50699a0b77ed290de6117a82d53e12a5 StaticDependenciesID=e1285cc602019ab6fe506a55b63dfdb1 
Importing 'GUID: 1726448925bf4bd1af6ca883bae8ff3f - Path: Packages/com.unity.multiplayer.center/Editor/Deprecated' with importer (DefaultImporter)
Imported 'GUID: 1726448925bf4bd1af6ca883bae8ff3f' -> (Import Result ID: 'dab5fa13bd1050a86f3cd746f8c66b2a') in 0.001 seconds [static dependencies only]. Details - ImportResultOutputID=e1ecffd78687910794d0c27e046ed2da DependenciesID=be43d1d8c9166aa1ff7917351b39b997 StaticDependenciesID=30ffc2fd44dfff1ae9b280b0afe90c97 
Importing 'GUID: 27328db3447b143dcb24e8c854d86028 - Path: Packages/com.unity.ext.nunit/net472/unity-custom' with importer (DefaultImporter)
Imported 'GUID: 27328db3447b143dcb24e8c854d86028' -> (Import Result ID: 'b5ab5c67188a19e0e7b8c33b00b6b956') in 0.001 seconds [static dependencies only]. Details - ImportResultOutputID=82c9abbc1fbb1daf0b240097b4a4abfe DependenciesID=2e1008e3907f1d040d7f460144670c4e StaticDependenciesID=e56b63fc6cf556c84154d44bb4a47884 
Importing 'GUID: 278b6073a5bdd4362acd72ca43ff9e0d - Path: Packages/com.unity.ugui/Editor/UGUI' with importer (DefaultImporter)
Imported 'GUID: 278b6073a5bdd4362acd72ca43ff9e0d' -> (Import Result ID: '78a4e600c7d8999258a7661c55f414b6') in 0.001 seconds [static dependencies only]. Details - ImportResultOutputID=0c0b7f407af1c8ddce990e89762eb9d5 DependenciesID=e200aedbe10f6fb017044d65590e6795 StaticDependenciesID=73f68cd242529858ce463dd414355b54 
Importing 'GUID: 8721cb2237d4a564a94a51f56243bdac - Path: Packages/com.unity.test-framework/UnityEditor.TestRunner/TestRun' with importer (DefaultImporter)
Imported 'GUID: 8721cb2237d4a564a94a51f56243bdac' -> (Import Result ID: '039e0bbb329fe273da60130338de6b1e') in 0.001 seconds [static dependencies only]. Details - ImportResultOutputID=58480bc6d005e3758bfde4d77153df39 DependenciesID=044a2bd9eb33b435c60b45186160234e StaticDependenciesID=73d66df1f085990d1620c5fcbc2657c2 
Importing 'GUID: 1817d28a5343b4ec19b4ec7903730e2c - Path: Packages/com.unity.ugui/Runtime/UGUI' with importer (DefaultImporter)
Imported 'GUID: 1817d28a5343b4ec19b4ec7903730e2c' -> (Import Result ID: 'cc764e91961d19610fd58928ffc4de2f') in 0.001 seconds [static dependencies only]. Details - ImportResultOutputID=2242d9e8581fb186ee13246710700a0e DependenciesID=e6e212427c798649af377cde95efcd0d StaticDependenciesID=362d97d531b0dfffeddfb1760220dccc 
Importing 'GUID: f8e6a2d47aba4c6c9b3c5a72d9f48da5 - Path: Packages/com.unity.ugui/Editor Resources/Textures' with importer (DefaultImporter)
Imported 'GUID: f8e6a2d47aba4c6c9b3c5a72d9f48da5' -> (Import Result ID: '1875a6474b71f6012836d4d48ade4fcc') in 0.001 seconds [static dependencies only]. Details - ImportResultOutputID=f88c4563ff7662206400513842bd9f9d DependenciesID=58043838a058422eff9e3a6134f60200 StaticDependenciesID=7acc30137901a4bcc76947650281f9a0 
Importing 'GUID: 19e1940646874613a076c6b01d1f3404 - Path: Packages/com.unity.test-framework/UnityEngine.TestRunner/UnityTestProtocol' with importer (DefaultImporter)
Imported 'GUID: 19e1940646874613a076c6b01d1f3404' -> (Import Result ID: 'e6de84f02c0bc32e75825c10e2069170') in 0.001 seconds [static dependencies only]. Details - ImportResultOutputID=564e4130128747a5c27e3bad27675bac DependenciesID=97579bb077291f2f91b2d8123bca1b12 StaticDependenciesID=b0e91d08b8b4a14e23848696b6fde327 
Importing 'GUID: 49d4c2ab7ff0f4442af256bad7c9d57c - Path: Packages/com.unity.test-framework/UnityEditor.TestRunner/TestRunner' with importer (DefaultImporter)
Imported 'GUID: 49d4c2ab7ff0f4442af256bad7c9d57c' -> (Import Result ID: '3b6a37881959db84d7a13bd4d7b20906') in 0.001 seconds [static dependencies only]. Details - ImportResultOutputID=028738f72b967aadc745355a0db1ed21 DependenciesID=097ab4f26903bf71636188607bf34489 StaticDependenciesID=47c011eae69c4b9aa093137c60c03e01 
Importing 'GUID: e93ec7eb6de342aabd156833e253f838 - Path: Packages/com.unity.ugui/Editor Resources/Gizmos' with importer (DefaultImporter)
Imported 'GUID: e93ec7eb6de342aabd156833e253f838' -> (Import Result ID: 'fc4ec806e0f074d4f620a56c0919b3c0') in 0.001 seconds [static dependencies only]. Details - ImportResultOutputID=ae5f0ef54f94d1b6c546fb129c32be52 DependenciesID=6c236f7df37341637028eabfc03a5200 StaticDependenciesID=7c79b5bb8120bed1160335beb17c6781 
Importing 'GUID: f9edd87ce69f4c739b2114aa7274132f - Path: Packages/com.unity.multiplayer.center/Common/Deprecated' with importer (DefaultImporter)
Imported 'GUID: f9edd87ce69f4c739b2114aa7274132f' -> (Import Result ID: 'b13e35d9d99c79d635f944706749a829') in 0.001 seconds [static dependencies only]. Details - ImportResultOutputID=3c256f2db04018ddeb9af84d2cdc0a09 DependenciesID=dea022b51dfd6fe57eb3942e9662cdf0 StaticDependenciesID=33ee043bdc1901c5836e2bba76e8a0cb 
Importing 'GUID: 1ad55f5ad04d1d045a1f287409c650dd - Path: Packages/com.unity.test-framework/UnityEngine.TestRunner/Assertions' with importer (DefaultImporter)
Imported 'GUID: 1ad55f5ad04d1d045a1f287409c650dd' -> (Import Result ID: '3554f760e197c05a1e9f6edea9fb897f') in 0.001 seconds [static dependencies only]. Details - ImportResultOutputID=4c0e37bdbcd53fb0b4116fd07b4594e9 DependenciesID=31fd864d7e022271fcca4f33dbefbbd5 StaticDependenciesID=037f5d6358f904f2786adbe3a1d801a8 
Importing 'GUID: 7a7dcde6448847648629a13d746ce966 - Path: Packages/com.unity.multiplayer.center/Editor/MultiplayerCenterWindow' with importer (DefaultImporter)
Imported 'GUID: 7a7dcde6448847648629a13d746ce966' -> (Import Result ID: 'f9b9577af30af8ca4ed73f6a19e92172') in 0.001 seconds [static dependencies only]. Details - ImportResultOutputID=f8feaf6e01c8fdf7b8e9c91c39b351c8 DependenciesID=3774ff4d9a4c470f573190da9122b730 StaticDependenciesID=219d38a17e80ad3e6208137cb746a899 
Importing 'GUID: bab3a29ab4f214742a44add41efffb7d - Path: Packages/com.unity.ugui/Runtime/InternalBridge' with importer (DefaultImporter)
Imported 'GUID: bab3a29ab4f214742a44add41efffb7d' -> (Import Result ID: '1e01c0f04ea29a3de8af7e1630137b0d') in 0.001 seconds [static dependencies only]. Details - ImportResultOutputID=82f819036902970c4bf2dacc5a54981e DependenciesID=bce7273942bc608bee79a3d298b9025c StaticDependenciesID=7e8ec80b443fad6f8eaf557de28f50ea 
Importing 'GUID: fa423365b1ce06a4dbdc6fb4a8597bfa - Path: Packages/com.unity.test-framework/UnityEditor.TestRunner/Api' with importer (DefaultImporter)
Imported 'GUID: fa423365b1ce06a4dbdc6fb4a8597bfa' -> (Import Result ID: 'dbfbf27d747c194eee4936790607ce29') in 0.001 seconds [static dependencies only]. Details - ImportResultOutputID=3400c6558f548137dc7e984347359bd4 DependenciesID=b48915f6884923c65f7b8b4b3df9498e StaticDependenciesID=88c4905adfd1852422700d60c17e70cc 
Importing 'GUID: 1b393f6b29a9ee84c803af1ab4944b71 - Path: Packages/com.unity.ide.rider/Rider/Editor' with importer (DefaultImporter)
Imported 'GUID: 1b393f6b29a9ee84c803af1ab4944b71' -> (Import Result ID: '5df02ca049d89592a08a1a0a48180574') in 0.001 seconds [static dependencies only]. Details - ImportResultOutputID=6404d4542db4a19d55be0b701dd56232 DependenciesID=9213b2146893a306da5c568d8fab4cad StaticDependenciesID=7f19df4ccd7b25dc56226111196ed53e 
Importing 'GUID: 5b17896803f77494da73d73448fb6cb4 - Path: Packages/com.unity.ide.visualstudio/Editor/VSWhere' with importer (DefaultImporter)
Imported 'GUID: 5b17896803f77494da73d73448fb6cb4' -> (Import Result ID: '143bee58c4cce7ade306607774a6852b') in 0.001 seconds [static dependencies only]. Details - ImportResultOutputID=1cf7fb2561004c647adace8a0b5653ca DependenciesID=b7c3ad5caeafb822cd72de2263338665 StaticDependenciesID=8237a88cf8f58b14a2743277c20550b2 
Importing 'GUID: 8beeeeebc0857854d8b4e2c2895dd7a9 - Path: Packages/com.unity.ide.visualstudio/Editor/ProjectGeneration' with importer (DefaultImporter)
Imported 'GUID: 8beeeeebc0857854d8b4e2c2895dd7a9' -> (Import Result ID: '3e6f8bb7ef7f056281851c4bfb2c16b7') in 0.001 seconds [static dependencies only]. Details - ImportResultOutputID=19476bca78a71c87b547269668469a1b DependenciesID=e83deaabaa0172e49d84fb854ce43b12 StaticDependenciesID=7998e75a53210e862e4f40ffb630f1a8 
Importing 'GUID: bb32bccaf32a6db448d1c0cc99c78688 - Path: Packages/com.unity.test-framework/UnityEngine.TestRunner/Utils' with importer (DefaultImporter)
Imported 'GUID: bb32bccaf32a6db448d1c0cc99c78688' -> (Import Result ID: '778d6fafd092faf1e4e447d286b8e510') in 0.001 seconds [static dependencies only]. Details - ImportResultOutputID=46ac5f2cd227e13d7fb6df825cd2ea50 DependenciesID=d8061a8d12c25a43b84f4d86987c14bc StaticDependenciesID=d87eba3967dc173242e1ddf947305376 
Importing 'GUID: 1ddb9e1c877ea80479d1eab4ddaa5d0d - Path: Packages/com.unity.test-framework/UnityEngine.TestRunner/TestRunner' with importer (DefaultImporter)
Imported 'GUID: 1ddb9e1c877ea80479d1eab4ddaa5d0d' -> (Import Result ID: '7cb28e1e4e053ac85024d6b11ee23160') in 0.001 seconds [static dependencies only]. Details - ImportResultOutputID=84f12ef647fa162d4cc59c2f40fa9628 DependenciesID=b865897e1b75dcdfe938b18f42a5ecd8 StaticDependenciesID=74f08a9236de2b622a38a15222ff2fca 
Importing 'GUID: 2da27f5fe80a3a549ac7331d9f52f5f0 - Path: Packages/com.unity.ugui/Editor Resources/Shaders' with importer (DefaultImporter)
Imported 'GUID: 2da27f5fe80a3a549ac7331d9f52f5f0' -> (Import Result ID: '94c81cb9217b6effd0b0ae1ac192a73e') in 0.001 seconds [static dependencies only]. Details - ImportResultOutputID=37a17ead154b74d4f8ead15f52efe66c DependenciesID=7e7183a231840b4a00078c592255dd1e StaticDependenciesID=afbed0dccfb5932643da0f09c951a74a 
Importing 'GUID: 3e8d6af343b383544ba5743d119f4062 - Path: Packages/com.unity.test-framework/UnityEngine.TestRunner/NUnitExtensions' with importer (DefaultImporter)
Imported 'GUID: 3e8d6af343b383544ba5743d119f4062' -> (Import Result ID: '838754a3b9bac45900c76264dbf36d3b') in 0.001 seconds [static dependencies only]. Details - ImportResultOutputID=f440f787d15c91d58250f280c6e408ba DependenciesID=3b20f89763493bf2ddcd0b060c1fa398 StaticDependenciesID=b969db25c7e76855deff5f6a305ec9de 
Importing 'GUID: 7e609b27ad2caa14c83dd9951b6c13c6 - Path: Packages/com.unity.test-framework/UnityEditor.TestRunner/GUI' with importer (DefaultImporter)
Imported 'GUID: 7e609b27ad2caa14c83dd9951b6c13c6' -> (Import Result ID: '48cc79ebc3a223c2a65cb0d7e113b406') in 0.001 seconds [static dependencies only]. Details - ImportResultOutputID=585d2667eaec7b1f3006c3feff905559 DependenciesID=a975b03514b84f2a3509ed100bb86e01 StaticDependenciesID=ba43c6d6677d5b8217738954f3b6d7c0 
Importing 'GUID: 2f820130c86c28547a0f1a2f4c73155b - Path: Packages/com.unity.ide.visualstudio/Editor/Messaging' with importer (DefaultImporter)
Imported 'GUID: 2f820130c86c28547a0f1a2f4c73155b' -> (Import Result ID: '9bfe3dd238c50d1e61dd969f373f2c8e') in 0.001 seconds [static dependencies only]. Details - ImportResultOutputID=c45a401cc5981747f91a1ff2e38f121c DependenciesID=7bf208236210b78a4600eb690a406a2d StaticDependenciesID=e68d59c7587b00f056360c69e8664542 
Importing 'GUID: 3f9202a39620f51418046c7754f215f0 - Path: Packages/com.unity.test-framework/UnityEditor.TestRunner/NUnitExtension' with importer (DefaultImporter)
Imported 'GUID: 3f9202a39620f51418046c7754f215f0' -> (Import Result ID: '1dfe9f2a33cf29e475c1cbc57fc4fb79') in 0.001 seconds [static dependencies only]. Details - ImportResultOutputID=df0aeec2b80032db4d95957e68929fee DependenciesID=0d22005202c276945696db77edb880e5 StaticDependenciesID=a24519233740dde1b6bd4351bdee6d11 
Importing 'GUID: 7f9f1d015d7a8ba46b7d71acfcda3ae7 - Path: Packages/com.unity.ide.visualstudio/Editor/Testing' with importer (DefaultImporter)
Imported 'GUID: 7f9f1d015d7a8ba46b7d71acfcda3ae7' -> (Import Result ID: 'b275a8a6dad9d452b586f266fa079521') in 0.001 seconds [static dependencies only]. Details - ImportResultOutputID=caa53ea97327c51012e9b3b301943c08 DependenciesID=8d639890cea6683201ae932fe111d6dd StaticDependenciesID=1a004dc5a797cdf8d3cd33fe0ee21921 
Importing 'GUID: 803fe63276e14ea0b19c516eaf56c8d4 - Path: Packages/com.unity.multiplayer.center/Editor/MultiplayerCenterWindow/VisualElements' with importer (DefaultImporter)
Imported 'GUID: 803fe63276e14ea0b19c516eaf56c8d4' -> (Import Result ID: 'e6f5f7f2be8f89d8849324df3bc7bb98') in 0.001 seconds [static dependencies only]. Details - ImportResultOutputID=2eba982455df042919db6a1840f9a78f DependenciesID=427b885d47adfecb82350d41b098a889 StaticDependenciesID=5ebded986257e3e6f8ad82d440488bbf 
Importing 'GUID: 313cbe17019f1934397f91069831062c - Path: Packages/com.unity.ide.rider/Rider/Editor/ProjectGeneration' with importer (DefaultImporter)
Imported 'GUID: 313cbe17019f1934397f91069831062c' -> (Import Result ID: '35a1a0c1b1d8bc3e404fc5f105eed090') in 0.001 seconds [static dependencies only]. Details - ImportResultOutputID=324b690d68ef3b5be851db48f0b8fe4d DependenciesID=e746e137ecacfe1a2b27b0194085396c StaticDependenciesID=9d5f2abd8e6ff78b98a96dd2e0b111fa 
Importing 'GUID: 41b2d972bdac29e4a89ef08b3b52c248 - Path: Packages/com.unity.ide.visualstudio/Editor/COMIntegration/Release' with importer (DefaultImporter)
Imported 'GUID: 41b2d972bdac29e4a89ef08b3b52c248' -> (Import Result ID: '159e1c55acdd024eded32060cd880a97') in 0.001 seconds [static dependencies only]. Details - ImportResultOutputID=0013f72f5d9292afc56921f8d95f3de4 DependenciesID=00be3dd411cd931443bdc704d43a0394 StaticDependenciesID=15e8b14a85890bc1844098e6928945d3 
Importing 'GUID: 51557afa652635743b264a309f0a5c60 - Path: Packages/com.unity.test-framework/UnityEngine.TestRunner/Utils/AssemblyProvider' with importer (DefaultImporter)
Imported 'GUID: 51557afa652635743b264a309f0a5c60' -> (Import Result ID: '68225cb59ed0cf5077855e3dfa458244') in 0.001 seconds [static dependencies only]. Details - ImportResultOutputID=aae0bb55646db009e1f7f7157a018046 DependenciesID=b9ef613e31a66b1117d0b2b4e2059e10 StaticDependenciesID=2c6e927cb9c29b42e44fe7d4204f5c8a 
Importing 'GUID: 61e236e8570a95e4eb754fb291e102e0 - Path: Packages/com.unity.test-framework/UnityEngine.TestRunner/TestRunner/Callbacks' with importer (DefaultImporter)
Imported 'GUID: 61e236e8570a95e4eb754fb291e102e0' -> (Import Result ID: '69c923fbfa5d766f81be287d4a69364f') in 0.001 seconds [static dependencies only]. Details - ImportResultOutputID=010b34c743dffb0b92a402bff30061ec DependenciesID=3ef576f474ced889f2d0fc90755b70c6 StaticDependenciesID=4afe08e4c46dd9413ee5e2f6e44ec139 
Importing 'GUID: 91c20d2c22b8b3a4cb6c816bd225591a - Path: Packages/com.unity.test-framework/UnityEngine.TestRunner/TestRunner/RemoteHelpers' with importer (DefaultImporter)
Imported 'GUID: 91c20d2c22b8b3a4cb6c816bd225591a' -> (Import Result ID: '433cd413b83911742fc3326a8cb2388f') in 0.001 seconds [static dependencies only]. Details - ImportResultOutputID=b8a70a515aeb955be46be9a19678602b DependenciesID=27568669a7b5195f24e8e9e88ed8aed4 StaticDependenciesID=413cb82dcabef59f88c5b20c1ac920dc 
Importing 'GUID: 914613548ded44a43a59eb9852503f18 - Path: Packages/com.unity.ugui/Tests/Runtime/TMP' with importer (DefaultImporter)
Imported 'GUID: 914613548ded44a43a59eb9852503f18' -> (Import Result ID: 'bde54ce642facce8219f1e37581918f9') in 0.001 seconds [static dependencies only]. Details - ImportResultOutputID=17912888fbb260642c12c578d9419330 DependenciesID=6845671a1a2fc74e9047394ab2503c88 StaticDependenciesID=43db8f13931fd3860f3fe601cd3dcc64 
Importing 'GUID: b1d8465ba1376b148bdab58965101f47 - Path: Packages/com.unity.test-framework/UnityEngine.TestRunner/Assertions/LogScope' with importer (DefaultImporter)
Imported 'GUID: b1d8465ba1376b148bdab58965101f47' -> (Import Result ID: 'f5e398f4f980a5cedd854c773294183e') in 0.001 seconds [static dependencies only]. Details - ImportResultOutputID=cfe24967e3ee89f88ab133ae2a3340fa DependenciesID=4a1727c31ca053fe971e8e954ffa9859 StaticDependenciesID=b32f92c1e618cc095ba0473085411441 
Importing 'GUID: 32e2186f4598cff489784aae586f2215 - Path: Packages/com.unity.ugui/Runtime/UGUI/Properties' with importer (DefaultImporter)
Imported 'GUID: 32e2186f4598cff489784aae586f2215' -> (Import Result ID: '785b4eced538b7d1b667ee2e9597d313') in 0.001 seconds [static dependencies only]. Details - ImportResultOutputID=810454d304565ea7df8469e782230661 DependenciesID=cb98bb667a88f115ab7601e7914ff6cf StaticDependenciesID=a1abb3c65b9017fac5f1b4a6502b1b67 
Importing 'GUID: 92e3104769da143888a712cdea27d950 - Path: Packages/com.unity.test-framework/UnityEditor.TestRunner/GUI/TestAssets' with importer (DefaultImporter)
Imported 'GUID: 92e3104769da143888a712cdea27d950' -> (Import Result ID: '8ca9427beb57db851babed76f10d4548') in 0.001 seconds [static dependencies only]. Details - ImportResultOutputID=a60e580633ddd7e9aeb69d2a0c5c5ac5 DependenciesID=fbdb0932a36e53b89bb57597b534e33a StaticDependenciesID=aa03ed7c9e5d9a2ea02c38a4a25ee766 
Importing 'GUID: 53caebc5909234b4ebe1fcaf3dc913a5 - Path: Packages/com.unity.ugui/Tests/Runtime/UGUI' with importer (DefaultImporter)
Imported 'GUID: 53caebc5909234b4ebe1fcaf3dc913a5' -> (Import Result ID: '54c046a9492f18eb83f86163153e1943') in 0.001 seconds [static dependencies only]. Details - ImportResultOutputID=7c3cbbd41f066d186013bf438cd4f32a DependenciesID=3c8d254de51827b9c3b7f9a17d488c79 StaticDependenciesID=720b1de9c60d57f52a3e48ad915c1b9e 
Importing 'GUID: a3cb89150b8a4060b89a32725a8e267e - Path: Packages/com.unity.test-framework/UnityEditor.TestRunner/TestLaunchers/Helpers' with importer (DefaultImporter)
Imported 'GUID: a3cb89150b8a4060b89a32725a8e267e' -> (Import Result ID: 'b8b1da36d1f720da249947bc879220be') in 0.001 seconds [static dependencies only]. Details - ImportResultOutputID=3a8c6eba4d7f092b7ed1ff660d319466 DependenciesID=f785ed3b1529e06ca6e5bb89a096a681 StaticDependenciesID=7b879475d571c7979ec7e6aa193d7c06 
Importing 'GUID: c3de99f9efc582a48995bc8e8c2df418 - Path: Packages/com.unity.test-framework/UnityEngine.TestRunner/NUnitExtensions/Filters' with importer (DefaultImporter)
Imported 'GUID: c3de99f9efc582a48995bc8e8c2df418' -> (Import Result ID: '0e80702b4d9ded36bbe570d55cc56851') in 0.001 seconds [static dependencies only]. Details - ImportResultOutputID=234091ee12a6235e1c446dc8d5c64995 DependenciesID=9bbfe5cc7541eef246f7e7fbef674a80 StaticDependenciesID=455f2ea52cd766aa56c0ddefdd99d0ec 
Importing 'GUID: 742654cad2425334696ba6ed4495cfef - Path: Packages/com.unity.ugui/Runtime/UGUI/UI' with importer (DefaultImporter)
Imported 'GUID: 742654cad2425334696ba6ed4495cfef' -> (Import Result ID: '57e25d84a66306ee7483e2a86e90a5b1') in 0.001 seconds [static dependencies only]. Details - ImportResultOutputID=f55297ef0667c4e984b77c90987bfd9d DependenciesID=f8f027bb6e0605f22cb3fa2317d132a4 StaticDependenciesID=d3754da713ab707aaeaa3ba2351aba6f 
Importing 'GUID: b429379a926944bdace6bb0445ffa02f - Path: Packages/com.unity.multiplayer.center/Editor/MultiplayerCenterWindow/Models' with importer (DefaultImporter)
Imported 'GUID: b429379a926944bdace6bb0445ffa02f' -> (Import Result ID: '03ad9d7df3a6c87c2cabc7eb7046ba68') in 0.001 seconds [static dependencies only]. Details - ImportResultOutputID=fe086852b549ac5fbaed71322c303435 DependenciesID=af48255ad12dd5de824f201501c66c8d StaticDependenciesID=510941052f338e20b94005c375d16251 
Importing 'GUID: 055d62ca607d4565814e2d97fe9740f1 - Path: Packages/com.unity.multiplayer.center/Editor/MultiplayerCenterWindow/Onboarding' with importer (DefaultImporter)
Imported 'GUID: 055d62ca607d4565814e2d97fe9740f1' -> (Import Result ID: 'b47e5af8b1610cf02dabeada34d96ad2') in 0.001 seconds [static dependencies only]. Details - ImportResultOutputID=74df5463b7afc353662d043736c9bc66 DependenciesID=1e7fdefb1fafd1b41537c830ec2437b8 StaticDependenciesID=64ba2b62def6e57b7abe5733efe35b51 
Importing 'GUID: 256a0ca37fa972840bce7fca446e75e7 - Path: Packages/com.unity.test-framework/UnityEngine.TestRunner/TestRunner/Messages' with importer (DefaultImporter)
Imported 'GUID: 256a0ca37fa972840bce7fca446e75e7' -> (Import Result ID: '7bcae04f6c3945569c41f4f5229c9d4f') in 0.001 seconds [static dependencies only]. Details - ImportResultOutputID=dc65fd1fb36d3e877da8d647c9615ee7 DependenciesID=466cb1d81a21950eddfede4a6178f036 StaticDependenciesID=58ea4bae6ff95fd723111203e83e160c 
Importing 'GUID: 354fde95fe0643b09509e5fcee350b33 - Path: Packages/com.unity.ide.rider/Rider/Editor/Properties' with importer (DefaultImporter)
Imported 'GUID: 354fde95fe0643b09509e5fcee350b33' -> (Import Result ID: '74192befde6bffb1b456b8772b8c1656') in 0.002 seconds [static dependencies only]. Details - ImportResultOutputID=8e710699f3929b88337795b4fd4f990b DependenciesID=c5b7345f4f373532154ffcb721b80b16 StaticDependenciesID=32af0358e0a69d9b15106fd34974ee9f 
Importing 'GUID: 853edc343b78a7c4c81cbb3851d48c0a - Path: Packages/com.unity.ugui/Editor/UGUI/UI' with importer (DefaultImporter)
Imported 'GUID: 853edc343b78a7c4c81cbb3851d48c0a' -> (Import Result ID: '20a8d64d521f4d09f89187eb4b209cba') in 0.001 seconds [static dependencies only]. Details - ImportResultOutputID=84ca5f75f96d69114bbd62c15da8c046 DependenciesID=4a6d160abfb51c1b7cf1165d4f6ac12f StaticDependenciesID=d804bbb843b17b765a5ca30f9f17c4e9 
Importing 'GUID: a52391bc44c477f40a547ed4ef3b9560 - Path: Packages/com.unity.ide.rider/Rider/Editor/UnitTesting' with importer (DefaultImporter)
Imported 'GUID: a52391bc44c477f40a547ed4ef3b9560' -> (Import Result ID: '61d1ff2cb4d6f840b158bfdf07bcbb7f') in 0.001 seconds [static dependencies only]. Details - ImportResultOutputID=1f5871c96c66444b71a7163aeb9720e2 DependenciesID=9855c5195b4d6d46d24cdd70cbdd6d9c StaticDependenciesID=23f3186aa4a7edf84f072463143d28f4 
Importing 'GUID: c5535d742ea2e4941850b421f9c70a1f - Path: Packages/com.unity.test-framework/UnityEditor.TestRunner/GUI/Views' with importer (DefaultImporter)
Imported 'GUID: c5535d742ea2e4941850b421f9c70a1f' -> (Import Result ID: '92d736dbeea37fb68ceaa1a856e9038e') in 0.001 seconds [static dependencies only]. Details - ImportResultOutputID=22ce32537e26210d1a653e5fc6871be4 DependenciesID=9694c183165a55a2bea5cfbeb4b21282 StaticDependenciesID=cad0687b818655094a83d7231c14b0ae 
Importing 'GUID: f525580684527b147b70cf94aaa70dbc - Path: Packages/com.unity.ugui/Editor/UGUI/EventSystem' with importer (DefaultImporter)
Imported 'GUID: f525580684527b147b70cf94aaa70dbc' -> (Import Result ID: '8627b56743e8632edb6f5c032fd15bf2') in 0.001 seconds [static dependencies only]. Details - ImportResultOutputID=add6993ea7599701cf577e99c4d0f7c6 DependenciesID=2cca847503ce9493a46795925ba34bed StaticDependenciesID=d51fd195e8c16a1b8e334ad3cc08d48c 
Importing 'GUID: 3610673068254436ac90019f46e09f01 - Path: Packages/com.unity.test-framework/UnityEditor.TestRunner/UnityTestProtocol/Data' with importer (DefaultImporter)
Imported 'GUID: 3610673068254436ac90019f46e09f01' -> (Import Result ID: 'f857cdd756b38e8eb3357109f7f7bb6f') in 0.001 seconds [static dependencies only]. Details - ImportResultOutputID=0a0f0ff5161030eba44ba49c652cc478 DependenciesID=7cd7561bc749deb6f2371f903c9d7b22 StaticDependenciesID=516f853320de9a6a9bea252006543681 
Importing 'GUID: 96c503bf059df984c86eecf572370347 - Path: Packages/com.unity.test-framework/UnityEditor.TestRunner/NUnitExtension/Attributes' with importer (DefaultImporter)
Imported 'GUID: 96c503bf059df984c86eecf572370347' -> (Import Result ID: 'b1b742d80c2b40872a643e01a9e97f25') in 0.001 seconds [static dependencies only]. Details - ImportResultOutputID=5c43fe10b254eace1c0129df22455c2f DependenciesID=5b348591ae11e78dc2d73bb784c9b34f StaticDependenciesID=4275ad315acced407744bf376d75b745 
Importing 'GUID: 07ea0326ed848fb4489187cb58f96113 - Path: Packages/com.unity.test-framework/UnityEditor.TestRunner/GUI/TestListBuilder' with importer (DefaultImporter)
Imported 'GUID: 07ea0326ed848fb4489187cb58f96113' -> (Import Result ID: '42ce821e2c2f0f6ec4f1e128957e045f') in 0.001 seconds [static dependencies only]. Details - ImportResultOutputID=a6a29debcafeb668b0f2a71823ead8d0 DependenciesID=14e42c630ebbeb115b6e4754ff287bfa StaticDependenciesID=2f63606a496483c3e8e07c7fcef33667 
Importing 'GUID: 37888acc09d9ee848bf9559f06645c45 - Path: Packages/com.unity.test-framework/UnityEngine.TestRunner/NUnitExtensions/Runner' with importer (DefaultImporter)
Imported 'GUID: 37888acc09d9ee848bf9559f06645c45' -> (Import Result ID: '3cc5746261ceef3945219cd38fcd7100') in 0.001 seconds [static dependencies only]. Details - ImportResultOutputID=bd7484124a2c87b1945e427d6a01325b DependenciesID=e7a541f3b42c6b84105d4bdb3959f6ea StaticDependenciesID=830501f04ff9d2763481f7b86edd9e6c 
Importing 'GUID: 77417b0f4cf6d334f916c64448d24133 - Path: Packages/com.unity.ugui/Editor/Analytics/IAnalytic' with importer (DefaultImporter)
Imported 'GUID: 77417b0f4cf6d334f916c64448d24133' -> (Import Result ID: 'ea8e1288ea40dd3f8110485989045062') in 0.001 seconds [static dependencies only]. Details - ImportResultOutputID=060d8b247920e2c692d1e525995a7476 DependenciesID=d18c4a59d4fe5d2b98ee6c99fbe1a0c6 StaticDependenciesID=89e3244abd31a42e77c204559f2b9502 
Importing 'GUID: 68cb547af0187634aad591a09c01cd5b - Path: Packages/com.unity.test-framework/UnityEditor.TestRunner/GUI/TestListTreeView' with importer (DefaultImporter)
Imported 'GUID: 68cb547af0187634aad591a09c01cd5b' -> (Import Result ID: 'a6f5f9466c65ad9b783fc4bf87bf9933') in 0.001 seconds [static dependencies only]. Details - ImportResultOutputID=d5ca04f15efb98a671802c6546970d44 DependenciesID=4e3a661a5c9c161ef4962ee0db52ef2f StaticDependenciesID=0c1166ed7bd3589d8cb7b68cd54ba7df 
Importing 'GUID: e88eef57957d4440c8a7ff2ef9dd3d97 - Path: Packages/com.unity.test-framework/UnityEditor.TestRunner/GUI/Controls' with importer (DefaultImporter)
Imported 'GUID: e88eef57957d4440c8a7ff2ef9dd3d97' -> (Import Result ID: '9523034730396c649db68ee3f2c5af6a') in 0.001 seconds [static dependencies only]. Details - ImportResultOutputID=a0ce75e2c602e931e5ecdcc124be13dd DependenciesID=54c438ce0c8559feb24078c99b287387 StaticDependenciesID=06a7b988240bac285a0579fa3147d19a 
Importing 'GUID: 4926c06156894939ba0a2680f1b0aa7a - Path: Packages/com.unity.test-framework/UnityEditor.TestRunner/TestRun/Data' with importer (DefaultImporter)
Imported 'GUID: 4926c06156894939ba0a2680f1b0aa7a' -> (Import Result ID: 'd7a923226ba5b4f3c823c7d01dfe0799') in 0.001 seconds [static dependencies only]. Details - ImportResultOutputID=a5a02383b86951746691789ea1770405 DependenciesID=2b08088ed382fbd88747626da51402ab StaticDependenciesID=90e5c7a10091a03d6068687c87bc2f92 
Importing 'GUID: 891bb6b9f5094c36b59c3788e21c8213 - Path: Packages/com.unity.test-framework/UnityEditor.TestRunner/Api/Analytics' with importer (DefaultImporter)
Imported 'GUID: 891bb6b9f5094c36b59c3788e21c8213' -> (Import Result ID: '1a1721a3ea4d67fe4ffe1aa3fdc3d1d9') in 0.001 seconds [static dependencies only]. Details - ImportResultOutputID=7998c9824c94ac0412eedd6830205f19 DependenciesID=01aa3ef6faa050dfabbc1409c1f36bb9 StaticDependenciesID=aa8c2cdb9eba597bc2c4b6bbd17dc081 
Importing 'GUID: d9682e749d3efc642af54d789d9090a6 - Path: Packages/com.unity.test-framework/UnityEditor.TestRunner/TestRunner/Messages' with importer (DefaultImporter)
Imported 'GUID: d9682e749d3efc642af54d789d9090a6' -> (Import Result ID: '60f80ab54161615f241eddac576265f7') in 0.001 seconds [static dependencies only]. Details - ImportResultOutputID=df1446cda33be1150fafeea045978830 DependenciesID=5f5730112a8aa021c5bac62a45f7a47d StaticDependenciesID=a3fe2d4eba02243492f56da00a6bf013 
Importing 'GUID: aa290bd9a165a0543a4bf85ac73914bc - Path: Packages/com.unity.ide.rider/Rider/Editor/PostProcessors' with importer (DefaultImporter)
Imported 'GUID: aa290bd9a165a0543a4bf85ac73914bc' -> (Import Result ID: '797e09e12c4f47fa0c8649b422a7d8ae') in 0.001 seconds [static dependencies only]. Details - ImportResultOutputID=7b631737181e97c6fe1ac014f4070871 DependenciesID=e3e9d8cd6f5642d3c3db3d024d0f48b1 StaticDependenciesID=2a4977cb781def96aeefbad9ea80e3de 
Importing 'GUID: ea7c31b5b377c314db28ad3fabbbd38d - Path: Packages/com.unity.ugui/Editor/TMP/PropertyDrawers' with importer (DefaultImporter)
Imported 'GUID: ea7c31b5b377c314db28ad3fabbbd38d' -> (Import Result ID: '1d73406710ec3b5ec0abbbb4442db133') in 0.001 seconds [static dependencies only]. Details - ImportResultOutputID=148273df495a37fdbbbfff423449f9d0 DependenciesID=3232b899f628bfc4a4cdd79145f41f05 StaticDependenciesID=23e4143de022d8be7a51883687722c8d 
Importing 'GUID: fae3ac1997e164d1eba5fa5c417cbefd - Path: Packages/com.unity.ugui/Tests/Editor/UGUI' with importer (DefaultImporter)
Imported 'GUID: fae3ac1997e164d1eba5fa5c417cbefd' -> (Import Result ID: '23c64172a1fcf751ad23eee891c3f37e') in 0.001 seconds [static dependencies only]. Details - ImportResultOutputID=f7713b5d5cf33a8c204b2a2b1a28939a DependenciesID=2c2d18819535a7db81a970984bedec7a StaticDependenciesID=40e233ba846e4b51c6a5b3241291f7ea 
Importing 'GUID: 6b72875690e0f7343911e06af3145bd5 - Path: Packages/com.unity.test-framework/UnityEngine.TestRunner/NUnitExtensions/Commands' with importer (DefaultImporter)
Imported 'GUID: 6b72875690e0f7343911e06af3145bd5' -> (Import Result ID: '5fea1e9c0f6dfe9ca0d894cb771883f3') in 0.001 seconds [static dependencies only]. Details - ImportResultOutputID=331eca5ef0be679acabec48b795c7e00 DependenciesID=f0d635ce90a1aedaeb3da2345f602aed StaticDependenciesID=7b9a4cc92c06256e67fde56948b5329c 
Importing 'GUID: 9bd34ec3fe8f4aed936c3a0cf2f32e56 - Path: Packages/com.unity.multiplayer.center/Editor/MultiplayerCenterWindow/UI' with importer (DefaultImporter)
Imported 'GUID: 9bd34ec3fe8f4aed936c3a0cf2f32e56' -> (Import Result ID: '8189630a1d207f45ca78afac74ce7c89') in 0.001 seconds [static dependencies only]. Details - ImportResultOutputID=720cab799a3c12d10157a56386d2abbc DependenciesID=338aa00a4fc44445e6ba7a33f45f0e4f StaticDependenciesID=f37730e3570cfa69fe95c8f93e868af1 
Importing 'GUID: ebc4d20cc106cea49b1df1153f0b3b5e - Path: Packages/com.unity.test-framework/UnityEditor.TestRunner/TestLaunchers/PlatformSetup' with importer (DefaultImporter)
Imported 'GUID: ebc4d20cc106cea49b1df1153f0b3b5e' -> (Import Result ID: '0b2c9622a6ab524eaa0eaf7b5b62e966') in 0.001 seconds [static dependencies only]. Details - ImportResultOutputID=d7aab0e8ab0737fda991e7097b020464 DependenciesID=4a206faa86f6687e998ab53ded6dbf1d StaticDependenciesID=3f0440ca1e4d0071e34277f3c02e97d7 
Importing 'GUID: 0cb14878543cf3d4f8472b15f7ecf0e3 - Path: Packages/com.unity.test-framework/UnityEngine.TestRunner/NUnitExtensions/Attributes' with importer (DefaultImporter)
Imported 'GUID: 0cb14878543cf3d4f8472b15f7ecf0e3' -> (Import Result ID: '673adc8ccf738e9fb1111697011e3bbc') in 0.001 seconds [static dependencies only]. Details - ImportResultOutputID=07f161243d8ca7b2df7febccc66907be DependenciesID=286c430710e80e74de95127974b6991e StaticDependenciesID=18b873f16d526cbe8273032cc6f8a858 
Importing 'GUID: 3ddaad49a7bcb4087b403f2225d54840 - Path: Packages/com.unity.ugui/Tests/Editor/TMP' with importer (DefaultImporter)
Imported 'GUID: 3ddaad49a7bcb4087b403f2225d54840' -> (Import Result ID: '86f998f82984b95d03c06167ff2b4ca5') in 0.001 seconds [static dependencies only]. Details - ImportResultOutputID=09f3672032e2b756467bd1b8888c220c DependenciesID=40ec637a46a47a9c605d0d663c9ec62b StaticDependenciesID=8783cbfd387883268781d3731efb8a7f 
Importing 'GUID: 5d7f0d6acfced954682a89e7002c04d9 - Path: Packages/com.unity.test-framework/UnityEditor.TestRunner/TestRunner/Callbacks' with importer (DefaultImporter)
Imported 'GUID: 5d7f0d6acfced954682a89e7002c04d9' -> (Import Result ID: '75945c8beba5dfb089a31467fbb8e60f') in 0.001 seconds [static dependencies only]. Details - ImportResultOutputID=c41748e0dad7446506b58e8595cfa6c8 DependenciesID=f4d13ad1d676690cb1b48b16f166fa7e StaticDependenciesID=6615522c8a21239cc0d07a6ddd8bbd70 
Importing 'GUID: 6dba53789da15814387fa5b1445e81e0 - Path: Packages/com.unity.test-framework/UnityEditor.TestRunner/TestRun/Tasks' with importer (DefaultImporter)
Imported 'GUID: 6dba53789da15814387fa5b1445e81e0' -> (Import Result ID: '4693b2876f7f79e4ade16eb7988cab89') in 0.001 seconds [static dependencies only]. Details - ImportResultOutputID=6db6dda383b549f157127f31279318c1 DependenciesID=8a5c587c19da8a7fff80aec7dca2df8f StaticDependenciesID=7d5c24122adf32e795b8fde176648bfc 
Importing 'GUID: cd9c8fc1c8d64d54ab1e22aae9678d84 - Path: Packages/com.unity.ugui/Tests/Editor/Common' with importer (DefaultImporter)
Imported 'GUID: cd9c8fc1c8d64d54ab1e22aae9678d84' -> (Import Result ID: '20948fb9776fae3c9b467683d942bb49') in 0.001 seconds [static dependencies only]. Details - ImportResultOutputID=0d0e7404c505268944fbca5095487151 DependenciesID=7e74166c67256b50b90aa4ef99711fbe StaticDependenciesID=d78b6ba1d9967af4f20ad4ed719fb7b7 
Importing 'GUID: 5e726086cd652f82087d59d67d2c24cd - Path: Packages/com.unity.ide.rider/Rider/Editor/Util' with importer (DefaultImporter)
Imported 'GUID: 5e726086cd652f82087d59d67d2c24cd' -> (Import Result ID: 'd9a2c189604f3067aa868cc3d5513752') in 0.001 seconds [static dependencies only]. Details - ImportResultOutputID=6a700186624845cc20e38a45be99c2bd DependenciesID=b77d2f6a95f6954f00d2bb3a34f16027 StaticDependenciesID=bc8e24751d5a2dbf19cd4a7598f5bbac 
Importing 'GUID: 9ea154c33fd8466f973f004e5c962df7 - Path: Packages/com.unity.test-framework/UnityEditor.TestRunner/UnityTestProtocol/Messages' with importer (DefaultImporter)
Imported 'GUID: 9ea154c33fd8466f973f004e5c962df7' -> (Import Result ID: '3c06af5ccd7d28c3a865fb05abc78032') in 0.001 seconds [static dependencies only]. Details - ImportResultOutputID=9a453184ef9fbc25fc23485e89c26cb5 DependenciesID=37b228f46d6e365aa3fad450fb7268ce StaticDependenciesID=5bd96380e171a357d874fcc46c5c735a 
Importing 'GUID: ce8da628f68c7594b8b9a597fa52db7b - Path: Packages/com.unity.test-framework/UnityEngine.TestRunner/Utils/MonoBehaviourTest' with importer (DefaultImporter)
Imported 'GUID: ce8da628f68c7594b8b9a597fa52db7b' -> (Import Result ID: 'e11e86b68385d2424fabc4528965ab8b') in 0.001 seconds [static dependencies only]. Details - ImportResultOutputID=2d38d279fcda641716a64a3285bed967 DependenciesID=aee11b902f17ee05813b32d5af577e6f StaticDependenciesID=e019915e66bf56c6a53c45eddcac8d59 
Importing 'GUID: eecc124dc0b994047aac97ccf8c8ed0a - Path: Packages/com.unity.ugui/Editor/TMP/HDRP' with importer (DefaultImporter)
Imported 'GUID: eecc124dc0b994047aac97ccf8c8ed0a' -> (Import Result ID: '4eaa04270042ae16538281706fa374e2') in 0.001 seconds [static dependencies only]. Details - ImportResultOutputID=14d3a5f20adbc7445c4525f8fcb73ab4 DependenciesID=577c658a00e1ac9494af49baab489961 StaticDependenciesID=fdc3c3b6fc6511db2e1bc4554a5b9e76 
Importing 'GUID: 1f5bbb88ca730434483440cbc0278ef6 - Path: Packages/com.unity.test-framework/UnityEditor.TestRunner/TestRunner/Utils' with importer (DefaultImporter)
Imported 'GUID: 1f5bbb88ca730434483440cbc0278ef6' -> (Import Result ID: 'bf22c8a53b121bf6289726882ff4d503') in 0.001 seconds [static dependencies only]. Details - ImportResultOutputID=b54df974e33f3b29d71ca6f71b34a610 DependenciesID=062ab91bc526ba62f66a5bf0817556be StaticDependenciesID=19b4d525f46038ec3ab7a23ba103e34f 
Importing 'GUID: 7f27709c942d91541be1fd6aa5cb3d78 - Path: Packages/com.unity.ugui/Runtime/UGUI/EventSystem' with importer (DefaultImporter)
Imported 'GUID: 7f27709c942d91541be1fd6aa5cb3d78' -> (Import Result ID: '5fa458fd0836459d088658e31ab65d21') in 0.001 seconds [static dependencies only]. Details - ImportResultOutputID=acac830162be810f328023d2d62ddad8 DependenciesID=0027d2c8fa337e4dde0148ef08e460a7 StaticDependenciesID=dc702dab303b1e3c2e4188dd9189fd18 
Importing 'GUID: cf97e54bcd5479a46bdbade48da047cc - Path: Packages/com.unity.ugui/Editor/UGUI/Properties' with importer (DefaultImporter)
Imported 'GUID: cf97e54bcd5479a46bdbade48da047cc' -> (Import Result ID: '1e693794e18852b14ae51e44222a82f5') in 0.001 seconds [static dependencies only]. Details - ImportResultOutputID=5d3f77239bff121229cf5c31b986881a DependenciesID=02e0b64e257f36d84bb922db5b0d8454 StaticDependenciesID=60860d85e63f35f9423f38c19e973902 
Importing 'GUID: 1091bc2ad06e3234aac2b2fa2841c09d - Path: Packages/com.unity.ugui/Tests/Runtime/UGUI/Image' with importer (DefaultImporter)
Imported 'GUID: 1091bc2ad06e3234aac2b2fa2841c09d' -> (Import Result ID: 'ca86c05bd3360ab5d936ff062633359c') in 0.001 seconds [static dependencies only]. Details - ImportResultOutputID=772529048520a7440e4ad37180880f1c DependenciesID=6fe48ce7f7d09a749926244b4a367aa2 StaticDependenciesID=d79be942104491cee4d671fbd627d480 
Importing 'GUID: 305ca32be1aa5504aa182f583895dfe4 - Path: Packages/com.unity.ugui/Tests/Editor/UGUI/RectMask2D' with importer (DefaultImporter)
Imported 'GUID: 305ca32be1aa5504aa182f583895dfe4' -> (Import Result ID: '8f5c0538332136079575ead9209977b6') in 0.001 seconds [static dependencies only]. Details - ImportResultOutputID=d73035c86cc096d7ad810645123c403d DependenciesID=89d21b75232b89ee68543420782c9821 StaticDependenciesID=073cae0e5496d229e1ba9c098d149cb1 
Importing 'GUID: a1572bb42f6541f48143c02e26da30aa - Path: Packages/com.unity.multiplayer.center/Editor/MultiplayerCenterWindow/Onboarding/GettingStarted' with importer (DefaultImporter)
Imported 'GUID: a1572bb42f6541f48143c02e26da30aa' -> (Import Result ID: '00f1cda9da6a81eb46b38ad1356a5ee2') in 0.001 seconds [static dependencies only]. Details - ImportResultOutputID=e87b2097173d3bdc48c759ecdb082c9e DependenciesID=bd5a30abfa29dbb9d1c1e2025590997b StaticDependenciesID=9833a1d0fbfe2475088e00a55af7087a 
Importing 'GUID: c16c54fe03afb5740bcc0a2a295cb79d - Path: Packages/com.unity.ugui/Tests/Editor/UGUI/InputField' with importer (DefaultImporter)
Imported 'GUID: c16c54fe03afb5740bcc0a2a295cb79d' -> (Import Result ID: 'e39889565896ffef157df0d6adc3dfd7') in 0.001 seconds [static dependencies only]. Details - ImportResultOutputID=2e87704a5e94d7751c53551396781cdf DependenciesID=3c6260de6bc2ce90dc7f7324674ecd4d StaticDependenciesID=c92b86f3cb84d04ad526f6a26d768bcc 
Importing 'GUID: 12c42068351bb084abde965d725b9887 - Path: Packages/com.unity.ugui/Runtime/UGUI/UI/Core' with importer (DefaultImporter)
Imported 'GUID: 12c42068351bb084abde965d725b9887' -> (Import Result ID: '92822374587055c9470dee411fdd3e39') in 0.001 seconds [static dependencies only]. Details - ImportResultOutputID=50100107e26413729ea0e64b9dd732a9 DependenciesID=9999f1385018a08756297382b543bd1e StaticDependenciesID=b481be13bc84068e451f858521153e1c 
Importing 'GUID: e210c8bf2e9c6514d90a1bd77586af1f - Path: Packages/com.unity.ugui/Tests/Runtime/UGUI/Toggle' with importer (DefaultImporter)
Imported 'GUID: e210c8bf2e9c6514d90a1bd77586af1f' -> (Import Result ID: 'd0cbb6b0e7e51639dd09e3f6f28003b5') in 0.001 seconds [static dependencies only]. Details - ImportResultOutputID=f9f478d966208acda369517e237f1a8b DependenciesID=e7b9973d5b0813ff4df38c7efc009139 StaticDependenciesID=bb261c516012507ddf17a83c82b571e6 
Importing 'GUID: 13d345ca5b884fdba377696a76e9aa05 - Path: Packages/com.unity.multiplayer.center/Editor/MultiplayerCenterWindow/Onboarding/GamePlayElements' with importer (DefaultImporter)
Imported 'GUID: 13d345ca5b884fdba377696a76e9aa05' -> (Import Result ID: '5d836f288f11a843d58bfa469fac7bd3') in 0.001 seconds [static dependencies only]. Details - ImportResultOutputID=bde02635acbfe6e153843d682031088c DependenciesID=6051823209c8e269d942395d24ef78c0 StaticDependenciesID=7f70701d2387a4ea55c9c78c5cad1cf9 
Importing 'GUID: 239dd6edc8e5cd14585c03e09e86a747 - Path: Packages/com.unity.ugui/Tests/Runtime/UGUI/Button' with importer (DefaultImporter)
Imported 'GUID: 239dd6edc8e5cd14585c03e09e86a747' -> (Import Result ID: '2feb40cbff3fd7078fcd86b6a8e3c618') in 0.001 seconds [static dependencies only]. Details - ImportResultOutputID=e3c9f1acd4dc825265c979f9da230f6a DependenciesID=9e41ebd42669266f475263224ffe1902 StaticDependenciesID=4465d33724e97338b49e057daff06bc2 
Importing 'GUID: 43b1467da3d29ae4597a733828cdd84a - Path: Packages/com.unity.ugui/Tests/Runtime/UGUI/ScrollBar' with importer (DefaultImporter)
Imported 'GUID: 43b1467da3d29ae4597a733828cdd84a' -> (Import Result ID: '94776161eaa9d8cdc20ad1146055e509') in 0.001 seconds [static dependencies only]. Details - ImportResultOutputID=e182f296e19bb90282900452b159ae44 DependenciesID=01c10a7e78726cf17f951744664182f1 StaticDependenciesID=48ba65521b208bc3d4201a8c3a02bd54 
Importing 'GUID: 8313ea704470a264295ec9e09aec6ebc - Path: Packages/com.unity.ugui/Tests/Runtime/UGUI/Graphic' with importer (DefaultImporter)
Imported 'GUID: 8313ea704470a264295ec9e09aec6ebc' -> (Import Result ID: '935f40a83ee0a7cc0c2c0bb5aa352e3e') in 0.001 seconds [static dependencies only]. Details - ImportResultOutputID=b2d40ba865db2bc96b98695d8c711298 DependenciesID=b5e7bed34d92fc1fa4a6ce9c843d13e4 StaticDependenciesID=a963257744c8e9fa25d72d40da4eacaf 
Importing 'GUID: b3cdabf2f1e76854d8aab5930305d70d - Path: Packages/com.unity.ugui/Runtime/UGUI/EventSystem/EventData' with importer (DefaultImporter)
Imported 'GUID: b3cdabf2f1e76854d8aab5930305d70d' -> (Import Result ID: '908888980f12c637b077f782924aaaff') in 0.001 seconds [static dependencies only]. Details - ImportResultOutputID=33eb15a390817b7004db62ed163e0597 DependenciesID=c9a41e4d8b595b630a419c86433b0e50 StaticDependenciesID=6f831293fdc51fd64e90c3a038e68362 
Importing 'GUID: 34a09eb4d6e8d44989194a25525c5147 - Path: Packages/com.unity.multiplayer.center/Editor/MultiplayerCenterWindow/UI/Icons' with importer (DefaultImporter)
Imported 'GUID: 34a09eb4d6e8d44989194a25525c5147' -> (Import Result ID: '7a8ee2431e8a5ea931a817e54ce27180') in 0.001 seconds [static dependencies only]. Details - ImportResultOutputID=a2860c79bac4ad5d0462f3da9f525f13 DependenciesID=c7dcc9a45d85289ede065cea5b06e927 StaticDependenciesID=56faebad20501f9780b6c85fbce6873d 
Importing 'GUID: 5472815444de2ce45bf2053a4af04b9d - Path: Packages/com.unity.ugui/Runtime/UGUI/UI/Animation' with importer (DefaultImporter)
Imported 'GUID: 5472815444de2ce45bf2053a4af04b9d' -> (Import Result ID: '394703ad3db363849cf3974bbb5870b4') in 0.001 seconds [static dependencies only]. Details - ImportResultOutputID=e0662241a083201a8870e88195309fda DependenciesID=51643b4391bbdce170b62e238a286cf1 StaticDependenciesID=0d15d66c53e3f46500d8496a3c8f6d62 
Importing 'GUID: 94a6220ee1a442249702c9df66e0fe1b - Path: Packages/com.unity.test-framework/UnityEditor.TestRunner/TestRun/Tasks/Player' with importer (DefaultImporter)
Imported 'GUID: 94a6220ee1a442249702c9df66e0fe1b' -> (Import Result ID: 'd770dc91b03c058070d04366ecf4dd6e') in 0.001 seconds [static dependencies only]. Details - ImportResultOutputID=4ae38678e341ab45b845ef0774cc1b3a DependenciesID=9223a7d87db0eaf2680363bc305d2856 StaticDependenciesID=d9ba00218ec57b2766ad47f36e0b3adc 
Importing 'GUID: 850af9f3bf6d14143baf2ecfbf25db52 - Path: Packages/com.unity.ugui/Tests/Runtime/UGUI/Slider' with importer (DefaultImporter)
Imported 'GUID: 850af9f3bf6d14143baf2ecfbf25db52' -> (Import Result ID: '3c18d7a360062324a17773a6acaf08d4') in 0.001 seconds [static dependencies only]. Details - ImportResultOutputID=57d22b82fb590c7f764877a8db9c0aa4 DependenciesID=d1a27546923d6c6039b8f000c22d8d2e StaticDependenciesID=ab8a4d23a2949721142fa7ba3705105c 
Importing 'GUID: 16c7d1f4783e4042b974149dd463f76e - Path: Packages/com.unity.ugui/Tests/Editor/UGUI/SafeArea' with importer (DefaultImporter)
Imported 'GUID: 16c7d1f4783e4042b974149dd463f76e' -> (Import Result ID: 'b5281d301c559671263d01cfff990cc4') in 0.001 seconds [static dependencies only]. Details - ImportResultOutputID=ae5dab9956bbc504ef73f12ef8acabef DependenciesID=b84461d2918855ef2794f7c3726e44e1 StaticDependenciesID=4577e25787b3f228c8dfe4a5b00b87eb 
Importing 'GUID: 46646a5562f14984690c85ee7b946bc9 - Path: Packages/com.unity.ugui/Runtime/UGUI/EventSystem/Raycasters' with importer (DefaultImporter)
Imported 'GUID: 46646a5562f14984690c85ee7b946bc9' -> (Import Result ID: '5d861ee4b7ca4b92812eb166461ff025') in 0.001 seconds [static dependencies only]. Details - ImportResultOutputID=cb6f60a394751122fe93a214008948bc DependenciesID=410b72eafbb161f4da14307539a0f1ee StaticDependenciesID=e1a78fd2d4d9b1bd3dcb1e9303416a93 
Importing 'GUID: a69b08936f9f74179ae333a4bebe7c54 - Path: Packages/com.unity.ugui/Tests/Runtime/UGUI/CanvasRenderer' with importer (DefaultImporter)
Imported 'GUID: a69b08936f9f74179ae333a4bebe7c54' -> (Import Result ID: 'c3b0ce546252fef6fb04f95abef63b62') in 0.001 seconds [static dependencies only]. Details - ImportResultOutputID=4212dc1b5a997e7bc55cba7220df8278 DependenciesID=bb88134582a6c8950ba1d5202a62ba04 StaticDependenciesID=8f75547e61888669a49036740386131b 
Importing 'GUID: e7689eda3a8b1a847a8b197dbe90d9a6 - Path: Packages/com.unity.ugui/Tests/Editor/UGUI/UI' with importer (DefaultImporter)
Imported 'GUID: e7689eda3a8b1a847a8b197dbe90d9a6' -> (Import Result ID: '145bacba0608864562ccf092d5dc8274') in 0.001 seconds [static dependencies only]. Details - ImportResultOutputID=1ca42600950ef13293b74483fdc072c8 DependenciesID=34771cbf859e8545a3fcd72cefd96fe1 StaticDependenciesID=d1d28d881a27169556f9595f053abcb7 
Importing 'GUID: 98d14ab1acf42df4f88a0561822ac807 - Path: Packages/com.unity.ugui/Tests/Editor/UGUI/EventSystem' with importer (DefaultImporter)
Imported 'GUID: 98d14ab1acf42df4f88a0561822ac807' -> (Import Result ID: '28b3c9c2af9c273b80e18a73bb905773') in 0.001 seconds [static dependencies only]. Details - ImportResultOutputID=7608701975efb5ecedc2d368f2ca3c02 DependenciesID=8bd370bda62b75adda125b4092311f14 StaticDependenciesID=b688eaa829d23d954f9e7d7fedfc1c6a 
Importing 'GUID: b86b117346968ac4d9cc63e4385becb7 - Path: Packages/com.unity.ugui/Tests/Editor/UGUI/Canvas' with importer (DefaultImporter)
Imported 'GUID: b86b117346968ac4d9cc63e4385becb7' -> (Import Result ID: '5d0edd691f418e0aa25ffaf737652b1f') in 0.001 seconds [static dependencies only]. Details - ImportResultOutputID=47c2bd6bc3289b802c2d93ad439600ef DependenciesID=b04388fb0c4edcb5befd1683eb5054bd StaticDependenciesID=d2f60cdf3ce72a44f46ccc8764e2c2af 
Importing 'GUID: 692476ac695e7b74a8d9eabd48862009 - Path: Packages/com.unity.test-framework/UnityEditor.TestRunner/TestRun/Tasks/Scene' with importer (DefaultImporter)
Imported 'GUID: 692476ac695e7b74a8d9eabd48862009' -> (Import Result ID: '8ff00a17ebaeea938b99aa5831923237') in 0.001 seconds [static dependencies only]. Details - ImportResultOutputID=2fa50d94b5f40096b11b7fc28b64729b DependenciesID=0b2a318cceea9f9d9405ecac0dc50c0e StaticDependenciesID=5381480a0e84dfd6f5a89c03f22f5b1b 
Importing 'GUID: d973b7805df545bdae3986ab72a6c2e8 - Path: Packages/com.unity.test-framework/UnityEditor.TestRunner/TestRun/Tasks/Platform' with importer (DefaultImporter)
Imported 'GUID: d973b7805df545bdae3986ab72a6c2e8' -> (Import Result ID: 'ccf5f6cb0c94142ff5cb069da58f759e') in 0.001 seconds [static dependencies only]. Details - ImportResultOutputID=74075c018e7d223e4de2551f58488a13 DependenciesID=78547b4d998f1cb5819a271ee28b000b StaticDependenciesID=707e7f285309070aa29ff903091dabc0 
Importing 'GUID: e90cc37a5ccf4a44dbecc5b7172ec512 - Path: Packages/com.unity.ugui/Tests/Editor/UGUI/UnityEvent' with importer (DefaultImporter)
Imported 'GUID: e90cc37a5ccf4a44dbecc5b7172ec512' -> (Import Result ID: '2a1dddf8c5218350d63d0c2a5556932c') in 0.001 seconds [static dependencies only]. Details - ImportResultOutputID=293ea98754001b9fa56a6248a75c45fa DependenciesID=53e48aff53990ec9394ca258bce8e6b8 StaticDependenciesID=893095c86d20ed19fce6780c865e3baf 
Importing 'GUID: 2a28c2fab6b1bb745a844ef6b908e7ee - Path: Packages/com.unity.ugui/Tests/Runtime/UGUI/InputField' with importer (DefaultImporter)
Imported 'GUID: 2a28c2fab6b1bb745a844ef6b908e7ee' -> (Import Result ID: '302d44132da9c0d220b06660b9b94468') in 0.001 seconds [static dependencies only]. Details - ImportResultOutputID=8ea7332793032bb5dfb9fd2c26cfbded DependenciesID=d0544483ce7d5b861984e100b83b3084 StaticDependenciesID=56063d9124d4d50c9a9e9bfbf4f0b34a 
Importing 'GUID: 9a3557da07c729b4eb774b8e30e157a4 - Path: Packages/com.unity.ugui/Tests/Runtime/UGUI/Canvas' with importer (DefaultImporter)
Imported 'GUID: 9a3557da07c729b4eb774b8e30e157a4' -> (Import Result ID: 'd95f3983fee562214c66d7c793af78f1') in 0.001 seconds [static dependencies only]. Details - ImportResultOutputID=0ab99d96296b64bf2229c22a9bdc1eb7 DependenciesID=bfca3084f73fc9453d13aaff95fdff75 StaticDependenciesID=055cb8e108b1a184ab8a94ca846e0ea9 
Importing 'GUID: bae197be297529d4fa735fbe7c91828d - Path: Packages/com.unity.ugui/Tests/Runtime/UGUI/Dropdown' with importer (DefaultImporter)
Imported 'GUID: bae197be297529d4fa735fbe7c91828d' -> (Import Result ID: '042a7e8258c157d7c3856db5fa853f5f') in 0.001 seconds [static dependencies only]. Details - ImportResultOutputID=36a0935bf8759e757450e1558245f79c DependenciesID=3964d5a4f5cfdbdb0dab890285e454c0 StaticDependenciesID=c40caf89477f63454e9c99de58de998c 
Importing 'GUID: 2bc8a181dfd9de24388de89bb8db7713 - Path: Packages/com.unity.ugui/Tests/Runtime/UGUI/MaskClipping' with importer (DefaultImporter)
Imported 'GUID: 2bc8a181dfd9de24388de89bb8db7713' -> (Import Result ID: 'd12c22933fd1e3b0ebca7f32870c6836') in 0.001 seconds [static dependencies only]. Details - ImportResultOutputID=824dbfacf42486762ae0e8e47478d568 DependenciesID=60cd9a319b11cc4c3f66bef5ca26326c StaticDependenciesID=c57a88fe06875f024836c21aa1a93a25 
Importing 'GUID: 8b18a6b91bf841eb87b2863ff1222833 - Path: Packages/com.unity.multiplayer.center/Editor/MultiplayerCenterWindow/VisualElements/Recommendations' with importer (DefaultImporter)
Imported 'GUID: 8b18a6b91bf841eb87b2863ff1222833' -> (Import Result ID: 'c3b792b33e2ce1413e1d934aba3fb115') in 0.001 seconds [static dependencies only]. Details - ImportResultOutputID=c1dfcc57e1341650f1c2b9a68754384f DependenciesID=317b80f91f5f5f6499e3e6b5f5f61550 StaticDependenciesID=49a7980187c81ab1db7606d87cf12667 
Importing 'GUID: 9bedab6f9886aee42b33e424bffdb640 - Path: Packages/com.unity.ugui/Tests/Runtime/UGUI/ScrollRect' with importer (DefaultImporter)
Imported 'GUID: 9bedab6f9886aee42b33e424bffdb640' -> (Import Result ID: '50ee513cd99a5651e78e255acef93b5d') in 0.001 seconds [static dependencies only]. Details - ImportResultOutputID=452ef99a32d1d475ebd965e4c1416b60 DependenciesID=2056e36380cb5ceb3855b590a2d212e1 StaticDependenciesID=36d01f46f1546e9aa86e71fac20816b8 
Importing 'GUID: ab93e1a81defc3243a6e9cd0df3cb443 - Path: Packages/com.unity.ugui/Tests/Runtime/UGUI/EventSystem' with importer (DefaultImporter)
Imported 'GUID: ab93e1a81defc3243a6e9cd0df3cb443' -> (Import Result ID: '19b986781f9205277ba2d47d16a57048') in 0.001 seconds [static dependencies only]. Details - ImportResultOutputID=60f18c998610bdbb79a7a0c99e9c00bd DependenciesID=ce90cd145b3edd35a5bd1682ed42fa7b StaticDependenciesID=4b3eb4d2c1b77c818bb0e9182536b267 
Importing 'GUID: eb7e44c5cec24463ab95d52834898a3b - Path: Packages/com.unity.ugui/Tests/Runtime/UGUI/RawImage' with importer (DefaultImporter)
Imported 'GUID: eb7e44c5cec24463ab95d52834898a3b' -> (Import Result ID: 'e2fb30e59f7cca9a4316a7ff217f4bca') in 0.001 seconds [static dependencies only]. Details - ImportResultOutputID=cfacd570a4cfd393330c0e243a249afc DependenciesID=2f18145f0c39e4ac81b76cd5b5ffca63 StaticDependenciesID=44d83e43968a92f6abc9d42c1f8585cb 
Importing 'GUID: 4cfe5ade9a1375e40aed87618b92bd12 - Path: Packages/com.unity.ugui/Tests/Editor/UGUI/Slider' with importer (DefaultImporter)
Imported 'GUID: 4cfe5ade9a1375e40aed87618b92bd12' -> (Import Result ID: '0f49070f7278d21779aafab8015f7a7b') in 0.001 seconds [static dependencies only]. Details - ImportResultOutputID=4a7ea0a159e4fd397fefbacef85013ef DependenciesID=37ac6972afa7d808eb779abd4af591f4 StaticDependenciesID=7b56a3c35148d580dd9b66c79fcdf1e6 
Importing 'GUID: bc9aa6d5a7945f34882c442e9e201537 - Path: Packages/com.unity.ugui/Editor/UGUI/UI/PropertyDrawers' with importer (DefaultImporter)
Imported 'GUID: bc9aa6d5a7945f34882c442e9e201537' -> (Import Result ID: '2d59c9793db1e17a095bff6053c7b9ee') in 0.001 seconds [static dependencies only]. Details - ImportResultOutputID=2dbd28b25139c53de1a5a6689d352f9d DependenciesID=3e2d74ea471196c6e03f8f7427221228 StaticDependenciesID=b8579957c8393b2a1ab0245f958ced1f 
Importing 'GUID: cc313cc004395df4a9884390556690a5 - Path: Packages/com.unity.ugui/Tests/Runtime/UGUI/Layout' with importer (DefaultImporter)
Imported 'GUID: cc313cc004395df4a9884390556690a5' -> (Import Result ID: '35dc7a7cc828b0d8b43bfd4cd6e4107f') in 0.001 seconds [static dependencies only]. Details - ImportResultOutputID=e587d5ef0094c1723640f0732d54e892 DependenciesID=5f7e5ff21a661f06456937cdb7ffe3f9 StaticDependenciesID=f42ef25fdfd15c3f3e0b3febe30604a0 
Importing 'GUID: cca5935142d6c754f9ecdce1294f7079 - Path: Packages/com.unity.test-framework/UnityEditor.TestRunner/TestRun/Tasks/Events' with importer (DefaultImporter)
Imported 'GUID: cca5935142d6c754f9ecdce1294f7079' -> (Import Result ID: 'e067f112d3f0ecc2a0a0b23a7e2dddb1') in 0.001 seconds [static dependencies only]. Details - ImportResultOutputID=681e739248ec06e77a33a1d1c904555d DependenciesID=2fab6b0b709562a258e8c669975596c7 StaticDependenciesID=708111177e6492723f70efccba692d9b 
Importing 'GUID: cce7e34ecb3cc43ebabe7154ebe11414 - Path: Packages/com.unity.ugui/Tests/Runtime/UGUI/RaycastReceiver' with importer (DefaultImporter)
Imported 'GUID: cce7e34ecb3cc43ebabe7154ebe11414' -> (Import Result ID: '26c30248a3ebdd5d620d442309b4a1d0') in 0.001 seconds [static dependencies only]. Details - ImportResultOutputID=2a1509ac23bafeeab8a428cbb02d7c40 DependenciesID=a882636677cfe8d300a9ad16ad993ad9 StaticDependenciesID=159f82b04c5e2c23f833ecac4545b0e5 
Importing 'GUID: 2d9b6ff056b6f484ba6500aa8e06bcf3 - Path: Packages/com.unity.ugui/Tests/Runtime/UGUI/LayoutGroup' with importer (DefaultImporter)
Imported 'GUID: 2d9b6ff056b6f484ba6500aa8e06bcf3' -> (Import Result ID: 'fefe44ce622ede36592a451f18acd1cd') in 0.001 seconds [static dependencies only]. Details - ImportResultOutputID=eaec6d77cf9cfcfd3a23adc1b00eddd6 DependenciesID=9f995fefc7684cd05cb5955653e46705 StaticDependenciesID=e9e94f60338bb0d65b914deb3e02aafa 
Importing 'GUID: 5dc64c943466a44498be3b620c743b45 - Path: Packages/com.unity.ugui/Runtime/UGUI/EventSystem/UIElements' with importer (DefaultImporter)
Imported 'GUID: 5dc64c943466a44498be3b620c743b45' -> (Import Result ID: '84811c232c2b5f5f8bbcb096972c8c70') in 0.001 seconds [static dependencies only]. Details - ImportResultOutputID=afd37a5cb0ef70f108eddfcf5f148e4e DependenciesID=26043c3255c0134648f5d3f578b6e8ef StaticDependenciesID=72529b910054f65a55d22628bb63cc2e 
Importing 'GUID: dda9947aba73a46d29f6277ca33c8e59 - Path: Packages/com.unity.ugui/Tests/Runtime/UGUI/SafeArea' with importer (DefaultImporter)
Imported 'GUID: dda9947aba73a46d29f6277ca33c8e59' -> (Import Result ID: 'd0c260bf4756a245a348de9b3064fe0f') in 0.001 seconds [static dependencies only]. Details - ImportResultOutputID=889c3d73fce55638312b38a469fec510 DependenciesID=d4d15d5222f72c027a7d5e64a953444a StaticDependenciesID=c484ccdac2b0c2634d4dcb2ba252aefd 
Importing 'GUID: 8e78f8a8575e4a04f8337a54e241cdc5 - Path: Packages/com.unity.ugui/Runtime/UGUI/EventSystem/InputModules' with importer (DefaultImporter)
Imported 'GUID: 8e78f8a8575e4a04f8337a54e241cdc5' -> (Import Result ID: '3928ebf58761b69f67c71dcf75294319') in 0.001 seconds [static dependencies only]. Details - ImportResultOutputID=5e415cd400973f02197d806c23bf56c5 DependenciesID=a8ed44e856941457ff5fabf06aba58d6 StaticDependenciesID=19e18f6dce055be922dcb00ad5c82a5d 
Importing 'GUID: ae242449e9279d44789513b922d3178a - Path: Packages/com.unity.ugui/Tests/Editor/UGUI/CanvasRenderer' with importer (DefaultImporter)
Imported 'GUID: ae242449e9279d44789513b922d3178a' -> (Import Result ID: 'fb76cb946fd1b0c1a5ed8306651d86c2') in 0.001 seconds [static dependencies only]. Details - ImportResultOutputID=4729e3cfa92e89c00cb33b0f98eab0f4 DependenciesID=1d34c5108fbfe76360fe772e52e8937b StaticDependenciesID=fc0b727607e54e1f3d2bd7cc9d72394f 
Importing 'GUID: 1f71aeacc4a9f1a40b22a1a590331f6b - Path: Packages/com.unity.ugui/Tests/Editor/UGUI/Dropdown' with importer (DefaultImporter)
Imported 'GUID: 1f71aeacc4a9f1a40b22a1a590331f6b' -> (Import Result ID: 'c4739443c58138f17e348fe7a6a5034e') in 0.001 seconds [static dependencies only]. Details - ImportResultOutputID=c0c6e1a2574eaa70b48d39fbb04e22f6 DependenciesID=31b56f23dc53b1c1f74e477dbc85a981 StaticDependenciesID=3257b287a4638d966c02c6696f3ddaac 
Importing 'GUID: 4f9ac6e545d53f94b9f09c85b9576f36 - Path: Packages/com.unity.ugui/Tests/Editor/UGUI/Text' with importer (DefaultImporter)
Imported 'GUID: 4f9ac6e545d53f94b9f09c85b9576f36' -> (Import Result ID: 'b86ed74f043d4ed54b54998e75830cbf') in 0.001 seconds [static dependencies only]. Details - ImportResultOutputID=bf63f04a230ad219e2c75d059670908c DependenciesID=6fe09032437761d84e537650f8194724 StaticDependenciesID=2e212248eca01ab9e3f67b2e7a387ceb 
Importing 'GUID: 7fd38d25cbbd46f6b8dc8f04f836b2bc - Path: Packages/com.unity.multiplayer.center/Editor/MultiplayerCenterWindow/UI/Templates' with importer (DefaultImporter)
Imported 'GUID: 7fd38d25cbbd46f6b8dc8f04f836b2bc' -> (Import Result ID: 'fceabb71142b0dfd8278a0c3402a6275') in 0.001 seconds [static dependencies only]. Details - ImportResultOutputID=59a232bc5b9102eb2ef8607bd3680513 DependenciesID=8ca95bcb98873b8ff9b106ebff9e2694 StaticDependenciesID=1c68421b026f7277ecf9e944abf7909a 
Importing 'GUID: af30a361ab68260438b6ec3fb7e64500 - Path: Packages/com.unity.ugui/Tests/Runtime/UGUI/Util' with importer (DefaultImporter)
Imported 'GUID: af30a361ab68260438b6ec3fb7e64500' -> (Import Result ID: '7c85b0c1a47d04785fcc0e5841dcc0bb') in 0.001 seconds [static dependencies only]. Details - ImportResultOutputID=dd25680f94364bcd4c86cb7289667537 DependenciesID=6437e800d195c6d99458bc8695c4f832 StaticDependenciesID=7024316f14e6e5c5d0d2ed78ed0f60a4 
Importing 'GUID: efad3ddb7270ac241b9b1357ec5ee2f2 - Path: Packages/com.unity.ugui/Tests/Runtime/UGUI/NestedLayout' with importer (DefaultImporter)
Imported 'GUID: efad3ddb7270ac241b9b1357ec5ee2f2' -> (Import Result ID: '068d6aa4c9a19068a27f8cc30d7da5ed') in 0.001 seconds [static dependencies only]. Details - ImportResultOutputID=13326018adb8f86d8fa28589653c849a DependenciesID=46be99377494b2c22ac81f6be8e246f1 StaticDependenciesID=01b5c9fede6dd92ae63f8a722690b8ef 
Importing 'GUID: 24333a116497b144f9782b1160984b57 - Path: Packages/com.unity.ugui/Tests/Editor/UGUI/UI/PropertyDrawers' with importer (DefaultImporter)
Imported 'GUID: 24333a116497b144f9782b1160984b57' -> (Import Result ID: '9a943630faba94e5d2f61f49e14cd421') in 0.001 seconds [static dependencies only]. Details - ImportResultOutputID=e64191c42bfa43d7fd12c02fb233877e DependenciesID=5c86888164aa8578f24b43b188f24f25 StaticDependenciesID=61809fb59bb969a83a1306a07105e35a 
Importing 'GUID: d63dd1a776d383248a21ec2a8a6e7868 - Path: Packages/com.unity.ugui/Runtime/UGUI/UI/Core/Utility' with importer (DefaultImporter)
Imported 'GUID: d63dd1a776d383248a21ec2a8a6e7868' -> (Import Result ID: '3cd8a1177c84d2872282c35cdfdaad85') in 0.001 seconds [static dependencies only]. Details - ImportResultOutputID=6ef7fdd1a7c57de9896ba70f91b923c7 DependenciesID=4f42ef208ff835c28d116e0ee1288617 StaticDependenciesID=1d9aea670b4ab5b657520458cd74a301 
Importing 'GUID: 27ed3e221887b3544bd9d6505d4a789f - Path: Packages/com.unity.ugui/Runtime/UGUI/UI/Core/Culling' with importer (DefaultImporter)
Imported 'GUID: 27ed3e221887b3544bd9d6505d4a789f' -> (Import Result ID: 'def692be90e7360af79437444c8104bf') in 0.001 seconds [static dependencies only]. Details - ImportResultOutputID=4910a1f9e2b0a2c2573c44a0dfeb0ec0 DependenciesID=8a11ad52293d449e9fc23f7a666b22f9 StaticDependenciesID=295ea28bf589ed62858fa4823091583b 
Importing 'GUID: c8ae1b935fb6861c0b3ff04baae9c11f - Path: Packages/com.unity.multiplayer.center/Editor/MultiplayerCenterWindow/UI/Icons/Samples' with importer (DefaultImporter)
Imported 'GUID: c8ae1b935fb6861c0b3ff04baae9c11f' -> (Import Result ID: '7502c7565da36761f2fffb67af07c601') in 0.001 seconds [static dependencies only]. Details - ImportResultOutputID=73529f0abd17e3978cd75be1498e152f DependenciesID=7c51b9185e686b6a3179f7176154a848 StaticDependenciesID=f0dab707743599be5afc21571ecfa877 
Importing 'GUID: f8ed4321a98682942b9980996131cf26 - Path: Packages/com.unity.ugui/Runtime/UGUI/UI/Core/SpecializedCollections' with importer (DefaultImporter)
Imported 'GUID: f8ed4321a98682942b9980996131cf26' -> (Import Result ID: '0e95374c0410ff46cffb9ff52685f5f2') in 0.001 seconds [static dependencies only]. Details - ImportResultOutputID=11c4d9adfde97b19088a09894a7e2152 DependenciesID=219cedd181c0b48b52887e64ab8ca19f StaticDependenciesID=aa358c1e79b9c389789b407db0af821d 
Importing 'GUID: 1999349e7f492c947bb6eb70f624382e - Path: Packages/com.unity.ugui/Runtime/UGUI/UI/Core/Layout' with importer (DefaultImporter)
Imported 'GUID: 1999349e7f492c947bb6eb70f624382e' -> (Import Result ID: '2686f7bf4902320bf36b1d5bb5c82a9e') in 0.001 seconds [static dependencies only]. Details - ImportResultOutputID=1fa92f18cdbf18fcab4740fd4f9a5048 DependenciesID=0e1bb44145491ef671286affe631bf2e StaticDependenciesID=8f5165c2e1325f4095d13685ec256437 
Importing 'GUID: 395cee95c45b46689f92e8d837ea67fe - Path: Packages/com.unity.multiplayer.center/Editor/MultiplayerCenterWindow/UI/Icons/Questions' with importer (DefaultImporter)
Imported 'GUID: 395cee95c45b46689f92e8d837ea67fe' -> (Import Result ID: 'd4173b7cd419f1e416b9eaa3d39a7d13') in 0.001 seconds [static dependencies only]. Details - ImportResultOutputID=6c9e2a9ef4fb34613f52dd5287144858 DependenciesID=e0962bb52ed8c7486d8b36ddde8b2ba2 StaticDependenciesID=edabd7129718d4625a2bcafa924e45b9 
Importing 'GUID: 7a892c920c8ad2848b469ec9579c5219 - Path: Packages/com.unity.ugui/Tests/Runtime/UGUI/EventSystem/InputModuleTests' with importer (DefaultImporter)
Imported 'GUID: 7a892c920c8ad2848b469ec9579c5219' -> (Import Result ID: '0cc254c516cd0c2f1865de3e12ca1fcf') in 0.001 seconds [static dependencies only]. Details - ImportResultOutputID=59fce8a9e6fa5cd49ac52afb2dce82c6 DependenciesID=7b19cc820fd0682fe473ea2802eb28de StaticDependenciesID=574aac1ef430026b27344ad980d224a9 
Importing 'GUID: 7c6295db74da28645bf49db58b7c9c65 - Path: Packages/com.unity.ugui/Runtime/UGUI/UI/Core/MaterialModifiers' with importer (DefaultImporter)
Imported 'GUID: 7c6295db74da28645bf49db58b7c9c65' -> (Import Result ID: 'd427522706129b4c38bf7ff834747a7a') in 0.001 seconds [static dependencies only]. Details - ImportResultOutputID=03c64029d0207b6d88bbcba31c0ffa8e DependenciesID=b4586e08dff7b1319cd2b04bf948a1b1 StaticDependenciesID=0e740b6c645a77f1b07d3375c7d371d0 
Importing 'GUID: bfd671f2f1a3e184fa98b4fd70cd738d - Path: Packages/com.unity.multiplayer.center/Editor/MultiplayerCenterWindow/UI/Icons/BuildingBlocks' with importer (DefaultImporter)
Imported 'GUID: bfd671f2f1a3e184fa98b4fd70cd738d' -> (Import Result ID: '677d6811e42fd09a415ec15459c69a50') in 0.001 seconds [static dependencies only]. Details - ImportResultOutputID=45c26c0ecf16a39cee6be526db048197 DependenciesID=f2b89bad53a1563065a4681b5c6ca63e StaticDependenciesID=ca04bc761b7ffd87b02208bc17ec6361 
Importing 'GUID: cfa73a847eeff06448bb50a8ac6a94e0 - Path: Packages/com.unity.ugui/Runtime/UGUI/UI/Core/VertexModifiers' with importer (DefaultImporter)
Imported 'GUID: cfa73a847eeff06448bb50a8ac6a94e0' -> (Import Result ID: '7e6ac506367e44a8606a7e9041bc2148') in 0.001 seconds [static dependencies only]. Details - ImportResultOutputID=74ee8f7f8b817c009fe4f8cfa24eb36f DependenciesID=6613420f54a77a696f1d63e42e337d9d StaticDependenciesID=f2fd517fce7de3558b1a90a27ebb6f5c 
Importing 'GUID: 6055be8ebefd69e48b49212b09b47b2f - Path: Packages/com.unity.ugui/Runtime/TMP/Unity.TextMeshPro.asmdef' with importer (AssemblyDefinitionImporter)
Imported 'GUID: 6055be8ebefd69e48b49212b09b47b2f' -> (Import Result ID: 'ede73ff750109d17ade2935fcc00e5db') in 0.001 seconds [static dependencies only]. Details - ImportResultOutputID=e9d70bac4e0e99cbb53f6b32bf0013a9 DependenciesID=59f07bdf9a862ad126bf2b0f8cf3facc StaticDependenciesID=5a167f258830afb4c85d61e3c8fb7370 
Importing 'GUID: 43b111c4a445f446abd2c02e77750ff5 - Path: Packages/com.unity.ugui/Runtime/InternalBridge/Unity.InternalAPIEngineBridge.004.asmdef' with importer (AssemblyDefinitionImporter)
Imported 'GUID: 43b111c4a445f446abd2c02e77750ff5' -> (Import Result ID: '41e252e744fa754bfd5f48832bb3af65') in 0.001 seconds [static dependencies only]. Details - ImportResultOutputID=b27fc2c96395d0cacfff2a5df34979c4 DependenciesID=4909b570a9c8d8555b1963885585d8ab StaticDependenciesID=4317c3e1a919feb5a32169cbd31178a0 
Importing 'GUID: 8394c018a82352f41ae354f7bdad54e3 - Path: Packages/com.unity.ugui/Editor/Analytics/UnityEditor.UI.Analytics.asmdef' with importer (AssemblyDefinitionImporter)
Imported 'GUID: 8394c018a82352f41ae354f7bdad54e3' -> (Import Result ID: 'ed04ed224e8e1c7fa355fc3421df813d') in 0.001 seconds [static dependencies only]. Details - ImportResultOutputID=ae155d0921fdd59b4d323be3ad677ce4 DependenciesID=e4bd127d15119207f7697d9668922819 StaticDependenciesID=9fd6f0cd92b2f0bad2826b97262fdf8d 
Importing 'GUID: 343deaaf83e0cee4ca978e7df0b80d21 - Path: Packages/com.unity.ugui/Editor/UGUI/UnityEditor.UI.asmdef' with importer (AssemblyDefinitionImporter)
Imported 'GUID: 343deaaf83e0cee4ca978e7df0b80d21' -> (Import Result ID: '2ef2cd6fff6585e7f043c792b2e08b34') in 0.001 seconds [static dependencies only]. Details - ImportResultOutputID=c27129fe4b82e033cc3a190d24016fa8 DependenciesID=40fcb70d6b73ddc9ee7a1081b298c717 StaticDependenciesID=6ddb784037740f21e3325dec2770e8cc 
Importing 'GUID: 84abd2ab34a74600a33a3bb9d72859fe - Path: Packages/com.unity.multiplayer.center/Common/Unity.Multiplayer.Center.Common.asmdef' with importer (AssemblyDefinitionImporter)
Imported 'GUID: 84abd2ab34a74600a33a3bb9d72859fe' -> (Import Result ID: 'cdc4fa8304c14bec1839fe534ffec393') in 0.001 seconds [static dependencies only]. Details - ImportResultOutputID=922bb2f88181f07a01cad39537ee8f3c DependenciesID=49b99bd5618551109680cb59cb74a0aa StaticDependenciesID=8fa31000b053ec436926b667aaef95b9 
Importing 'GUID: b456203cb18024f8db57e2fa4397ecba - Path: Assets/Tests/PlayMode/Arena.Tests.PlayMode.asmdef' with importer (AssemblyDefinitionImporter)
Imported 'GUID: b456203cb18024f8db57e2fa4397ecba' -> (Import Result ID: '1a36ad452bc7f9db0afb537758f64abd') in 0.001 seconds [static dependencies only]. Details - ImportResultOutputID=e4ac51182ffb6026a0159c9380020908 DependenciesID=12566e4dcf029557a7dbc9b73f95a388 StaticDependenciesID=8ecbd75c82c7cc9b96a7632560d30bc7 
Importing 'GUID: 05242c3d99f24a74f99cc20369fcb344 - Path: Packages/com.unity.ugui/Tests/Editor/Common/UnityEditor.UI.Common.Tests.asmdef' with importer (AssemblyDefinitionImporter)
Imported 'GUID: 05242c3d99f24a74f99cc20369fcb344' -> (Import Result ID: '204fb8ab226f8f55d8e2b96d0f43d217') in 0.001 seconds [static dependencies only]. Details - ImportResultOutputID=85f42511b1eb5e70fb4f71139713c089 DependenciesID=c8e00a12d28dcd7ea316e02e5612fa67 StaticDependenciesID=de6ed06bdb30aa02e0de1a8d8606c7c5 
Importing 'GUID: 6546d7765b4165b40850b3667f981c26 - Path: Packages/com.unity.ugui/Editor/TMP/Unity.TextMeshPro.Editor.asmdef' with importer (AssemblyDefinitionImporter)
Imported 'GUID: 6546d7765b4165b40850b3667f981c26' -> (Import Result ID: '297952751b05dd10456ce7e2744d7a5d') in 0.001 seconds [static dependencies only]. Details - ImportResultOutputID=5e147f307b4e699a62e1f18935a82f11 DependenciesID=76156a7b206ddc389a44f3184d657452 StaticDependenciesID=eb8b072277bf55e6c3c286b6d43a3d6f 
Importing 'GUID: 656e461844099ae43a609ff6109b0877 - Path: Packages/com.unity.ugui/Tests/Editor/TMP/Unity.TextMeshPro.Editor.Tests.asmdef' with importer (AssemblyDefinitionImporter)
Imported 'GUID: 656e461844099ae43a609ff6109b0877' -> (Import Result ID: '33011e45041dee7cd652c71e02a28d8a') in 0.001 seconds [static dependencies only]. Details - ImportResultOutputID=dcf766a2835af30e5dff0e5e6aaf3025 DependenciesID=e11d7ee041a49a98affe5ad12c3ebb46 StaticDependenciesID=b2ec98dc71f0dd6857a734d1a9f7706c 
Importing 'GUID: d528c8c98d269ca44a06cd9624a03945 - Path: Packages/com.unity.ide.rider/Rider/Editor/com.unity.ide.rider.asmdef' with importer (AssemblyDefinitionImporter)
Imported 'GUID: d528c8c98d269ca44a06cd9624a03945' -> (Import Result ID: '8726df5a2d3c1a083a4c848146226a5f') in 0.001 seconds [static dependencies only]. Details - ImportResultOutputID=912be29b09a856ab914d58bed46d9f41 DependenciesID=15fe68d1e72bade2cbe4e8644df25f00 StaticDependenciesID=4d25ba9e8f625be18cd10642c4596e8d 
Importing 'GUID: 27619889b8ba8c24980f49ee34dbb44a - Path: Packages/com.unity.test-framework/UnityEngine.TestRunner/UnityEngine.TestRunner.asmdef' with importer (AssemblyDefinitionImporter)
Imported 'GUID: 27619889b8ba8c24980f49ee34dbb44a' -> (Import Result ID: 'dde441411b61d7f243edd6bd86eaed2f') in 0.001 seconds [static dependencies only]. Details - ImportResultOutputID=3370b80e2922aa61095329e63cd7b568 DependenciesID=c378fe730506c60d98d3d2985f14dfea StaticDependenciesID=efd7b7b3471c17ad6b92a6854eb4dc18 
Importing 'GUID: 787ec048daec145b580d1134da5dd278 - Path: Packages/com.unity.multiplayer.center/Tests/Editor/Unity.Multiplayer.Center.Editor.Tests.asmdef' with importer (AssemblyDefinitionImporter)
Imported 'GUID: 787ec048daec145b580d1134da5dd278' -> (Import Result ID: '28b0f698072924754695dd55ba60f81d') in 0.001 seconds [static dependencies only]. Details - ImportResultOutputID=2b802c59d1c23d37a915425b63a58b6a DependenciesID=b65660063d0c90143514ac7bda1a8426 StaticDependenciesID=a17bcfb6e780838b90930276b440ae13 
Importing 'GUID: b93f844d45cfcc44fa2b0eed5c9ec6bb - Path: Packages/com.unity.ide.visualstudio/Editor/com.unity.ide.visualstudio.asmdef' with importer (AssemblyDefinitionImporter)
Imported 'GUID: b93f844d45cfcc44fa2b0eed5c9ec6bb' -> (Import Result ID: 'be19451ec2b6434642ba6f13ecf5db51') in 0.001 seconds [static dependencies only]. Details - ImportResultOutputID=ce62f0aa69bd55563fb33cc2591980de DependenciesID=9e30368bdd707e6848801ccde70f1f5c StaticDependenciesID=b5401851f919dd14a700f6556c7ed0a3 
Importing 'GUID: d9a8f1a458b274e88a992702fa13ec4c - Path: Assets/Tests/EditMode/Arena.Tests.EditMode.asmdef' with importer (AssemblyDefinitionImporter)
Imported 'GUID: d9a8f1a458b274e88a992702fa13ec4c' -> (Import Result ID: 'a71aa4f0216229ef8e93a8be43846d47') in 0.001 seconds [static dependencies only]. Details - ImportResultOutputID=260186b96eca47380f2431fad26db04a DependenciesID=746018426dd0383daa47bd34ddd3b639 StaticDependenciesID=7f2f54a3b4463cb61600dd322230a18c 
Importing 'GUID: e9745f6a32442194c8dc5a43e9ab86f9 - Path: Packages/com.unity.ugui/Tests/Runtime/UGUI/UnityEngine.UI.Tests.asmdef' with importer (AssemblyDefinitionImporter)
Imported 'GUID: e9745f6a32442194c8dc5a43e9ab86f9' -> (Import Result ID: '84524e126e25038bdfd26b3ec59a92a5') in 0.001 seconds [static dependencies only]. Details - ImportResultOutputID=2b3c3626c54c595d218b84b23f8d2c38 DependenciesID=d4bfbe4c825e23a654634933c2033f66 StaticDependenciesID=6e8881aa18fbd1abf2a7aabb73941c36 
Importing 'GUID: 0acc523941302664db1f4e527237feb3 - Path: Packages/com.unity.test-framework/UnityEditor.TestRunner/UnityEditor.TestRunner.asmdef' with importer (AssemblyDefinitionImporter)
Imported 'GUID: 0acc523941302664db1f4e527237feb3' -> (Import Result ID: 'e2f348df875f6247245c2f700d815735') in 0.001 seconds [static dependencies only]. Details - ImportResultOutputID=666b13231f973a40371f8a88a79fd45e DependenciesID=612cc8c97fe328230cfa9ae0658786b9 StaticDependenciesID=bbf7215ccf291794fe8ed3b5ea133e60 
Importing 'GUID: aa0e75d2dc4d54f11980136045adb95f - Path: Assets/Scripts/Arena.Runtime.asmdef' with importer (AssemblyDefinitionImporter)
Imported 'GUID: aa0e75d2dc4d54f11980136045adb95f' -> (Import Result ID: '3e576ffffd6b49c5b97f2a416b98c2ab') in 0.001 seconds [static dependencies only]. Details - ImportResultOutputID=edc4b6f65a68d7349087d2e5b5aab96f DependenciesID=917e367c16dd22df8a14d1a95e9567cf StaticDependenciesID=490c7c1117b22c9a0b2ed64b96e2b9fc 
Importing 'GUID: 2bafac87e7f4b9b418d9448d219b01ab - Path: Packages/com.unity.ugui/Runtime/UGUI/UnityEngine.UI.asmdef' with importer (AssemblyDefinitionImporter)
Imported 'GUID: 2bafac87e7f4b9b418d9448d219b01ab' -> (Import Result ID: '26062c1a543744ff266aafe43af489de') in 0.001 seconds [static dependencies only]. Details - ImportResultOutputID=e456a6133a592065fdaa29a6e752040b DependenciesID=7c6adf815f8b14a5c97a54f8e23f8b92 StaticDependenciesID=7c4d96875a0877dd7a0af4cb45a4695f 
Importing 'GUID: bb05cab7d802aa5468f8f2f86840d984 - Path: Packages/com.unity.ugui/Tests/Runtime/TMP/Unity.TextMeshPro.Tests.asmdef' with importer (AssemblyDefinitionImporter)
Imported 'GUID: bb05cab7d802aa5468f8f2f86840d984' -> (Import Result ID: '5e68e27354c939fe603eb4eb77469ca3') in 0.001 seconds [static dependencies only]. Details - ImportResultOutputID=49b5000aa348ae6e6f0b4d067303a4a8 DependenciesID=12b17a826b956da1c2390d415dadc826 StaticDependenciesID=8a41bad9b68ba21b4ebf17eac42c46ab 
Importing 'GUID: dba69a3e737904a9fb6ebb33b9952093 - Path: Assets/Editor/Arena.Editor.asmdef' with importer (AssemblyDefinitionImporter)
Imported 'GUID: dba69a3e737904a9fb6ebb33b9952093' -> (Import Result ID: '5185f6d3c794abeb3baa24376d3dc655') in 0.001 seconds [static dependencies only]. Details - ImportResultOutputID=d92e42f021b2134137833c1496a6007d DependenciesID=ce6c8b98f3ee97c17c5b1279be20c9ba StaticDependenciesID=88780dc7e503f1d913712215bdba5573 
Importing 'GUID: 7c04f0dfa9243c04681a55d90d3ff3fc - Path: Packages/com.unity.ugui/Tests/Editor/UGUI/UnityEditor.UI.EditorTests.asmdef' with importer (AssemblyDefinitionImporter)
Imported 'GUID: 7c04f0dfa9243c04681a55d90d3ff3fc' -> (Import Result ID: 'cc1fad722f14c8955f39430bb979b25d') in 0.001 seconds [static dependencies only]. Details - ImportResultOutputID=7509f794d9d725c9f24bb507014f8d05 DependenciesID=b03623885704673aae6552704d6e6bc1 StaticDependenciesID=437231d2d3e72834c69d52cbff73ba64 
Importing 'GUID: be17709716f1648caa5de6d0c38103ed - Path: Packages/com.unity.multiplayer.center/Editor/Unity.Multiplayer.Center.Editor.asmdef' with importer (AssemblyDefinitionImporter)
Imported 'GUID: be17709716f1648caa5de6d0c38103ed' -> (Import Result ID: '8112f0f5869cc59bca453264e7695a25') in 0.001 seconds [static dependencies only]. Details - ImportResultOutputID=6a94177525b9d3649ef5a788314deaa0 DependenciesID=622d27fa8d4eff812fbaf1491c5a985b StaticDependenciesID=cf985bb85c1eed9a3af017ad82ddc21e 
Importing 'GUID: 51fa60bb2bd1e5bc74e8cc95a7bfd5b7 - Path: Packages/com.unity.modules.ui/package.ModuleCompilationTrigger' with importer (DefaultImporter)
Imported 'GUID: 51fa60bb2bd1e5bc74e8cc95a7bfd5b7' -> (Import Result ID: '0e6c19f382af6f75a9394f69adf788bd') in 0.030 seconds [static dependencies only]. Details - ImportResultOutputID=6e559821e528ff0e1a68c3b7765614d2 DependenciesID=89d09727dde36d60bf3bc38270dcfe28 StaticDependenciesID=3c1226af24afdaaba5f6812b32e68603 
Importing 'GUID: 71e7167b55a3448b38774a3bb6e05bac - Path: Packages/com.unity.modules.timelinefoundation/package.ModuleCompilationTrigger' with importer (DefaultImporter)
Imported 'GUID: 71e7167b55a3448b38774a3bb6e05bac' -> (Import Result ID: 'a6bec22fa10db9f7f35c7bd13e010a27') in 0.001 seconds [static dependencies only]. Details - ImportResultOutputID=c5890c0237407de11fec9407c846284f DependenciesID=36a0517f4d644b89cbe480485858a8bb StaticDependenciesID=25f461b927f097c38d0dbd784655af32 
Importing 'GUID: d104359075a97392b803d3d5aebc77f7 - Path: Packages/com.unity.modules.hierarchycore/package.ModuleCompilationTrigger' with importer (DefaultImporter)
Imported 'GUID: d104359075a97392b803d3d5aebc77f7' -> (Import Result ID: '636638bc242e6bdeeae1ff976ac45eea') in 0.001 seconds [static dependencies only]. Details - ImportResultOutputID=1072526eb62216a1dc59d571676cf01f DependenciesID=69277dae5c49201d36383230841bb75b StaticDependenciesID=afc1e02b93f4652d9379104da0050c0e 
Importing 'GUID: d2ec2d1228c8e67cdd913cb5609176a2 - Path: Packages/com.unity.modules.unitywebrequest/package.ModuleCompilationTrigger' with importer (DefaultImporter)
Imported 'GUID: d2ec2d1228c8e67cdd913cb5609176a2' -> (Import Result ID: 'a3f2f0e23f3ad60f0708fa9556b1addd') in 0.001 seconds [static dependencies only]. Details - ImportResultOutputID=fa2ee3949a508ef3b244c0a794acf950 DependenciesID=cbbd01d5144c855f237ee6f40affeaad StaticDependenciesID=373cbc2130578c37890108d08e3aa5a8 
Importing 'GUID: 830a36a23cf3ab1e61fa47940a6dc35e - Path: Packages/com.unity.modules.imageconversion/package.ModuleCompilationTrigger' with importer (DefaultImporter)
Imported 'GUID: 830a36a23cf3ab1e61fa47940a6dc35e' -> (Import Result ID: 'be0b67b432003b038cf0bb92e1d77b13') in 0.001 seconds [static dependencies only]. Details - ImportResultOutputID=76d29ea8d45d8514b9b32b4ce101e77e DependenciesID=7f550e29dfcaa81d6d67cc4988f0b7c8 StaticDependenciesID=7f600a175e09c6006f9088f92f2c1098 
Importing 'GUID: 042dc296246916648e55a43d0eeb2036 - Path: Packages/com.unity.modules.audio/package.ModuleCompilationTrigger' with importer (DefaultImporter)
Imported 'GUID: 042dc296246916648e55a43d0eeb2036' -> (Import Result ID: 'eb5c5d20fc9656beee57de382516913d') in 0.001 seconds [static dependencies only]. Details - ImportResultOutputID=db7c8acc5ec18f8d94381a817bd4639b DependenciesID=f2e5ad5e1d5d153fc84b7341a3ca872f StaticDependenciesID=987edeb86285dfb2f2b949491eb5ed6c 
Importing 'GUID: 14e86f88e9a8c9c448d7e7df92f2aeec - Path: Packages/com.unity.modules.physicscore2d/package.ModuleCompilationTrigger' with importer (DefaultImporter)
Imported 'GUID: 14e86f88e9a8c9c448d7e7df92f2aeec' -> (Import Result ID: '2c973c246328c75cfbee9b147c533aec') in 0.001 seconds [static dependencies only]. Details - ImportResultOutputID=4f921d24b7de923e48844f6cc629c5fc DependenciesID=5c2b2ed5b2c80f68f171a4ee31fd57d0 StaticDependenciesID=b0c4b38fa6509f6aac786da76715b668 
Importing 'GUID: e6a135e3ea9cb46795d1b0e05ac3e1e5 - Path: Packages/com.unity.modules.jsonserialize/package.ModuleCompilationTrigger' with importer (DefaultImporter)
Imported 'GUID: e6a135e3ea9cb46795d1b0e05ac3e1e5' -> (Import Result ID: 'c71f379f57b8b9297518a0ca2d221294') in 0.001 seconds [static dependencies only]. Details - ImportResultOutputID=fe2252d2af7741e3b7227eed79d28422 DependenciesID=4d9d5a211e60a1a74167fb8bdba07a36 StaticDependenciesID=b0b22eccfcc75550cfd5416b8ccadc34 
Importing 'GUID: 4745d06d5a7ca576dcf9e5e67b417652 - Path: Packages/com.unity.modules.accessibility/package.ModuleCompilationTrigger' with importer (DefaultImporter)
Imported 'GUID: 4745d06d5a7ca576dcf9e5e67b417652' -> (Import Result ID: '397e51aa7e4f499b0e5205ffb978fc4e') in 0.001 seconds [static dependencies only]. Details - ImportResultOutputID=b1f5e4e3c8972d4630691b43df2bbfd5 DependenciesID=1c2a5a75fdeca1a9ece56ca2cd130f73 StaticDependenciesID=d3721eb1044daf5752f2a6dc41e1fbad 
Importing 'GUID: 1af35a910338381f753e8a985eb5daab - Path: Packages/com.unity.modules.adaptiveperformance/package.ModuleCompilationTrigger' with importer (DefaultImporter)
Imported 'GUID: 1af35a910338381f753e8a985eb5daab' -> (Import Result ID: 'fc49569651cc7b30f65743e4c018033a') in 0.001 seconds [static dependencies only]. Details - ImportResultOutputID=38b55a11ad75d8d562e364a238f3edd6 DependenciesID=31de37ff8b9a96f332a1fe4c4b17e97a StaticDependenciesID=b97217f7ec03d510a9073c02c264b8d7 
Importing 'GUID: 8a752aaaadd2410dd9a84e01c1bace9f - Path: Packages/com.unity.modules.uielements/package.ModuleCompilationTrigger' with importer (DefaultImporter)
Imported 'GUID: 8a752aaaadd2410dd9a84e01c1bace9f' -> (Import Result ID: 'dc6f24ef124e8a1d93aeb4a49c9f2f2f') in 0.001 seconds [static dependencies only]. Details - ImportResultOutputID=058332d648d7f8084d1da6808467f61f DependenciesID=2d44fed7f892601fa61b2fed977658e7 StaticDependenciesID=ebedc7cdf67042358e558fc7d3cb11d5 
Importing 'GUID: 4bf139fc5e9d9240edc107e25d67d398 - Path: Packages/com.unity.modules.tetgen/package.ModuleCompilationTrigger' with importer (DefaultImporter)
Imported 'GUID: 4bf139fc5e9d9240edc107e25d67d398' -> (Import Result ID: '32c0a5c247b7d4630e34dc8a23b68bbe') in 0.001 seconds [static dependencies only]. Details - ImportResultOutputID=65cbec6ab1d9e8bebe15b1d11261c757 DependenciesID=f8e401a0bd87c3dc127a91c1ab3cd02f StaticDependenciesID=bcf844a6408d7a7017ee86bb65031aa6 
Importing 'GUID: db8e609a39b9b231fccc54e5fa4cbd1b - Path: Packages/com.unity.modules.animation/package.ModuleCompilationTrigger' with importer (DefaultImporter)
Imported 'GUID: db8e609a39b9b231fccc54e5fa4cbd1b' -> (Import Result ID: '64bdd471f684b7215418c8ebb98646e6') in 0.001 seconds [static dependencies only]. Details - ImportResultOutputID=bd54157e641a087b027334797ac1bb4e DependenciesID=63ee899a18461a3d707a245c13219acd StaticDependenciesID=45113d4b06d87e4212ca0fd971c6f675 
Importing 'GUID: 3cc1ebf2abb7fef6871ad48f499b6e21 - Path: Packages/com.unity.modules.vectorgraphics/package.ModuleCompilationTrigger' with importer (DefaultImporter)
Imported 'GUID: 3cc1ebf2abb7fef6871ad48f499b6e21' -> (Import Result ID: '691e04633c45bc3a459c56548c37507c') in 0.001 seconds [static dependencies only]. Details - ImportResultOutputID=f888f024258c75377d48b95d8eccd14d DependenciesID=8afc27de05790c97bc976e3bb8e1a82d StaticDependenciesID=27d17b554dfb7e9c29707348538cb25c 
Importing 'GUID: 5c1ee4056d0ac7ad3c5a16597fcaa38a - Path: Packages/com.unity.modules.physics/package.ModuleCompilationTrigger' with importer (DefaultImporter)
Imported 'GUID: 5c1ee4056d0ac7ad3c5a16597fcaa38a' -> (Import Result ID: '0f78740e1b0faf652d13359c837630fa') in 0.001 seconds [static dependencies only]. Details - ImportResultOutputID=0711ed6008a670c121290dcbcce4e191 DependenciesID=1deaa0db5f99f0028b0739739357e86b StaticDependenciesID=93b97e97dbe87d17a699457ed0c8bfdb 
Importing 'GUID: 8d4bc6bfa28760b29f13174d6b6ea710 - Path: Packages/com.unity.modules.subsystems/package.ModuleCompilationTrigger' with importer (DefaultImporter)
Imported 'GUID: 8d4bc6bfa28760b29f13174d6b6ea710' -> (Import Result ID: '5ba628f7dd061e6c6125f1d10a64f3cc') in 0.001 seconds [static dependencies only]. Details - ImportResultOutputID=506707270f0b52336d3dc2706a7b00f3 DependenciesID=b542271c0169491e5e8c11b6ca61744b StaticDependenciesID=f8416302fe8f15d94abef2ac59f5532a 
Importing 'GUID: be13c398521e3c1ad21fb9da30ab2ab6 - Path: Packages/com.unity.modules.imgui/package.ModuleCompilationTrigger' with importer (DefaultImporter)
Imported 'GUID: be13c398521e3c1ad21fb9da30ab2ab6' -> (Import Result ID: 'f88617f8755f3cc7c522b80bad4b2bff') in 0.001 seconds [static dependencies only]. Details - ImportResultOutputID=bbfcda24188a78ea8f934cd6f1d77d47 DependenciesID=1676049d7bfc560c2876453352831559 StaticDependenciesID=1484f2e44d4504480cf87fd155816ecc 
Importing 'GUID: fe6a6957b37b61417b457a1e0541791d - Path: Packages/com.unity.modules.physics2d/package.ModuleCompilationTrigger' with importer (DefaultImporter)
Imported 'GUID: fe6a6957b37b61417b457a1e0541791d' -> (Import Result ID: '277c9d9c9443fa4d20de51563b0d83a5') in 0.001 seconds [static dependencies only]. Details - ImportResultOutputID=0029339c38fd9ee58145f1e3cabdd15e DependenciesID=adeb826391ab9c6ccdea71424fa76aa4 StaticDependenciesID=a2616f4ea2d94c01ce1fa3af66244439 
Native extension for WindowsStandalone target not found
Native extension for WebGL target not found
ScheduleIndexationOnStartup MainProcess:True IndexOnStartup:False
Scripting: successfully reloaded assembly
- Finished resetting the current domain, in  1.168 seconds
Domain Reload Profiling: 2261ms
	BeginReloadAssembly (472ms)
		DisableScriptedObjects (45ms)
		CreateAndSetChildDomain (69ms)
	RebuildCommonClasses (18ms)
	RebuildNativeTypeToScriptingClass (31ms)
	initialDomainReloadingComplete (76ms)
	LoadAllAssembliesAndSetupDomain (492ms)
		LoadAssemblies (429ms)
		TypeCache.Refresh (40ms)
			TypeCache.ScanAssembly (30ms)
		AnalyzeDomain (23ms)
			BuildScriptInfoCaches (18ms)
			ResolveRequiredComponents (3ms)
	FinalizeReload (1171ms)
		SetupLoadedEditorAssemblies (0ms)
			LogAssemblyErrors (5ms)
			InitializePlatformSupportModulesInManaged (4ms)
			BeforeProcessingInitializeOnLoad (246ms)
			ProcessInitializeOnLoadAttributes (343ms)
			ProcessInitializeOnLoadMethodAttributes (99ms)
			AfterProcessingInitializeOnLoad (16ms)
		AwakeInstancesAfterBackupRestoration (82ms)
Starting new worker id: 0 with log in D:/Pet/Resume/companies/Highcore/QA Engineer/ArenaQA/analysis/validation-6000.6.0f1/Logs/AssetImportWorkerHW0.log
Importing 'GUID: 00000000000000005000000000000000 - Path: Library/BuildPlayer.prefs' with importer (DefaultImporter)
Imported 'GUID: 00000000000000005000000000000000' -> (Import Result ID: 'e7fde0b61ad1bb905306708466de98ff') in 0.013 seconds [static dependencies only]. Details - ImportResultOutputID=5acc0d65895b3924819acc0f7e0e29d2 DependenciesID=59ca58ea3aedb06da41e45fbc07180ca StaticDependenciesID=37539b702cdc10d1395751c96f99732e 
Importing 'GUID: 15651f9a6a69f46e0958adde0c702c59 - Path: Assets/Scenes/Arena.unity' with importer (DefaultImporter)
Imported 'GUID: 15651f9a6a69f46e0958adde0c702c59' -> (Import Result ID: 'd7a0839c49d8cefe8b2b66591e37f1c9') in 0.001 seconds [static dependencies only]. Details - ImportResultOutputID=857b830fe3c7c9d3075ed513a11cee10 DependenciesID=984ecf63d81a537df6194035655fa373 StaticDependenciesID=e1827557f75e1f3562ce4aade673c069 
Importing 'GUID: bc00e25696e4132499f56528d3fed2e3 - Path: Packages/com.unity.ugui/Package Resources/TMP Examples & Extras.unitypackage' with importer (DefaultImporter)
Imported 'GUID: bc00e25696e4132499f56528d3fed2e3' -> (Import Result ID: '06840da54814770a12bf6d6ccbbe4096') in 0.002 seconds [static dependencies only]. Details - ImportResultOutputID=4934728e630e4eaf0513a68f351db45e DependenciesID=4ae59f274dd4381e25547fc85365599a StaticDependenciesID=db5f177954bba2600db92c85e9a3e3ff 
Importing 'GUID: ce4ff17ca867d2b48b5c8a4181611901 - Path: Packages/com.unity.ugui/Package Resources/TMP Essential Resources.unitypackage' with importer (DefaultImporter)
Imported 'GUID: ce4ff17ca867d2b48b5c8a4181611901' -> (Import Result ID: '125767940f57f84da1db0f9543b7caff') in 0.001 seconds [static dependencies only]. Details - ImportResultOutputID=f07f1189a2b24fcec03c20307fac9422 DependenciesID=f09ee32b1d0e9fabbd6928005237c8b4 StaticDependenciesID=da1ca419056efb5873ef344d36b45ead 
Importing 'GUID: 585c3fb85b32bd64e8814074e754163e - Path: Packages/com.unity.ide.visualstudio/Editor/VSWhere/vswhere.exe' with importer (DefaultImporter)
Imported 'GUID: 585c3fb85b32bd64e8814074e754163e' -> (Import Result ID: '701e5b472d57295940ce3e5e00167b53') in 0.008 seconds [static dependencies only]. Details - ImportResultOutputID=fd84ef82b906939aad1911d355b2029d DependenciesID=a9c3f6abe0e86ff7a75e134f5648d5a7 StaticDependenciesID=41bf4a9549fbc4054f90b893523d36b2 
Importing 'GUID: cb67edc1800c2ec4ba8dfb1cf0dfc84a - Path: Packages/com.unity.ide.visualstudio/Editor/COMIntegration/Release/COMIntegration.exe' with importer (DefaultImporter)
Imported 'GUID: cb67edc1800c2ec4ba8dfb1cf0dfc84a' -> (Import Result ID: '90829e31db53b07a994dc2fadb541224') in 0.001 seconds [static dependencies only]. Details - ImportResultOutputID=b9c287c27e0f1bb4e3c7a5e560e89af8 DependenciesID=b092e555a70bb69d0dae40a46a793207 StaticDependenciesID=06d3555c8fa1daca7c820cb967bf7888 
Importing 'GUID: 5016b34bbb9bedd4d8554cc33be7cbd9 - Path: Packages/com.unity.multiplayer.center/Editor/MultiplayerCenterWindow/UI/Icons/Learning.png' with importer (TextureImporter)
Imported 'GUID: 5016b34bbb9bedd4d8554cc33be7cbd9' -> (Import Result ID: '8230fc91fdd5457c4247f5ef61bb41a2') in 0.007 seconds [static and dynamic dependencies]. Details - ImportResultOutputID=1c1de14209e6ea1da41c54d0eb7ec11d DependenciesID=6ece6ca9020aa18975a5f799837ae9ef StaticDependenciesID=8749b3e66da450bfdddc253201a76493 
Importing 'GUID: 9044a13290d86ef428409c81ae211e7e - Path: Packages/com.unity.multiplayer.center/Editor/MultiplayerCenterWindow/UI/Icons/BuildingBlock.png' with importer (TextureImporter)
Imported 'GUID: 9044a13290d86ef428409c81ae211e7e' -> (Import Result ID: '1779ae1e2f5c3b77327facf132d61de9') in 0.002 seconds [static and dynamic dependencies]. Details - ImportResultOutputID=cf325d2b4d9a5821919a65d6bda278be DependenciesID=c94235d79d726eb0cfb6b5088cbbf125 StaticDependenciesID=a1761550e861e68144a7e75922422108 
Importing 'GUID: e01193cfdc7e68e4e8c72fac39ecffec - Path: Packages/com.unity.multiplayer.center/Editor/MultiplayerCenterWindow/UI/Icons/BuildingBlocks/Achievements.png' with importer (TextureImporter)
Imported 'GUID: e01193cfdc7e68e4e8c72fac39ecffec' -> (Import Result ID: '910961d2c104eb2ae115118255662130') in 0.030 seconds [static and dynamic dependencies]. Details - ImportResultOutputID=41b39ff5628b7f6d8eb958051a6ea737 DependenciesID=356c6c32cf81498ab708cab95b135880 StaticDependenciesID=62f297ef3bc30a13f1999de6a00db088 
Importing 'GUID: e05ace3bd15740cda0bad60d89092a5b - Path: Packages/com.unity.ugui/Editor Resources/Textures/btn_AlignRight_Light.psd' with importer (TextureImporter)
Imported 'GUID: e05ace3bd15740cda0bad60d89092a5b' -> (Import Result ID: '91147d2555c8e7430b043e370eedbd8f') in 0.002 seconds [static and dynamic dependencies]. Details - ImportResultOutputID=e3378e0de8741ec76ce7b3c08d6589a1 DependenciesID=979817b89427ebc0b2a0b7260b5fe07c StaticDependenciesID=d9f94ae87f2f802f9a04ff18904e6456 
Importing 'GUID: 318df756abab5463e9aa361360784865 - Path: Packages/com.unity.multiplayer.center/Editor/MultiplayerCenterWindow/UI/Icons/d_PackageInstalled@2x.png' with importer (TextureImporter)
Imported 'GUID: 318df756abab5463e9aa361360784865' -> (Import Result ID: 'd33c37cdc7a794e003b18a964f5a76f9') in 0.002 seconds [static and dynamic dependencies]. Details - ImportResultOutputID=cff210b42189fc911dee1e5fa67b3803 DependenciesID=5cc621c2618822db10f9e07212496b5e StaticDependenciesID=c89a2aee7d703594ba4792e74b83829a 
Importing 'GUID: 41b96614b2e6494ba995ddcd252d11ae - Path: Packages/com.unity.ugui/Editor Resources/Textures/btn_AlignMiddle.psd' with importer (TextureImporter)
Imported 'GUID: 41b96614b2e6494ba995ddcd252d11ae' -> (Import Result ID: 'a61c4eaa6ff7dc00070ac65ac96ea920') in 0.002 seconds [static and dynamic dependencies]. Details - ImportResultOutputID=a31ce63bcafb7e50975dfc641407af95 DependenciesID=2efbd5fbf23a7228af01d08db1fdf002 StaticDependenciesID=5a5c15e298bb8ec4d74b26c00546f68c 
Importing 'GUID: 81ed8c76d2bc4a4c95d092c98af4e58f - Path: Packages/com.unity.ugui/Editor Resources/Textures/btn_AlignCenter.psd' with importer (TextureImporter)
Imported 'GUID: 81ed8c76d2bc4a4c95d092c98af4e58f' -> (Import Result ID: 'a5e5c252d6c3d3f24a8d3871516761cd') in 0.002 seconds [static and dynamic dependencies]. Details - ImportResultOutputID=cd0030e5ccb8a13901227c563df9db9a DependenciesID=b4f24b20bbae29d802fc828442eaca4d StaticDependenciesID=fcb888a83e430d43975a864d6ba072ce 
Importing 'GUID: 12736c98af174f91827a26b66d2b01b9 - Path: Packages/com.unity.ugui/Editor Resources/Textures/btn_AlignLeft_Light.psd' with importer (TextureImporter)
Imported 'GUID: 12736c98af174f91827a26b66d2b01b9' -> (Import Result ID: '0b99b5bc2ee518a51c8a1588097536fc') in 0.001 seconds [static and dynamic dependencies]. Details - ImportResultOutputID=ccc741d7f4c2ad73d97e1eaf3569a144 DependenciesID=8bcd2a27063190bb84f4a050f4faf897 StaticDependenciesID=00b839894418c56ec93b02124e8ba609 
Importing 'GUID: 424a8de5def3b46dcb08edd00ad1c7bd - Path: Packages/com.unity.multiplayer.center/Editor/MultiplayerCenterWindow/UI/Icons/Loading.png' with importer (TextureImporter)
Imported 'GUID: 424a8de5def3b46dcb08edd00ad1c7bd' -> (Import Result ID: '5fc7c3d1723a26153e2dd4d1642e1a8b') in 0.002 seconds [static and dynamic dependencies]. Details - ImportResultOutputID=1b1710b2b60cb6b693062d2c56b67eb8 DependenciesID=ed71e7854a442e8e0c9d3e8cb88bb09b StaticDependenciesID=25efe393952a198e12d101dac3dfa667 
Importing 'GUID: 525a6cca8dd9a4d28875a8fe824710d9 - Path: Packages/com.unity.multiplayer.center/Editor/MultiplayerCenterWindow/UI/Icons/d_Package.png' with importer (TextureImporter)
Imported 'GUID: 525a6cca8dd9a4d28875a8fe824710d9' -> (Import Result ID: '2ecb66b13be0b82a242160fbe81293e1') in 0.002 seconds [static and dynamic dependencies]. Details - ImportResultOutputID=811acf3add5b19d87c3ff27da1f759a4 DependenciesID=73ecb40ecf9580b88b375f22d12f1d0a StaticDependenciesID=3009c0dba55c76ba22541ad16098e4d6 
Importing 'GUID: 92027f7f8cfc4feaa477da0dc38d3d46 - Path: Packages/com.unity.ugui/Editor Resources/Textures/btn_AlignJustified.psd' with importer (TextureImporter)
Imported 'GUID: 92027f7f8cfc4feaa477da0dc38d3d46' -> (Import Result ID: '08c853fbdba5da5cba4009094f03b7c0') in 0.001 seconds [static and dynamic dependencies]. Details - ImportResultOutputID=4a30e95265a694bd6d97d67ae36e29d5 DependenciesID=b32926c6173fa9bd98fb92d0b6e4eb92 StaticDependenciesID=01480926a7ece50ae2a420b76bf5a23e 
Importing 'GUID: 9288066c33474b94b6ee5465f4df1cc0 - Path: Packages/com.unity.ugui/Editor Resources/Textures/btn_AlignLeft.psd' with importer (TextureImporter)
Imported 'GUID: 9288066c33474b94b6ee5465f4df1cc0' -> (Import Result ID: '38120d138d32d7e0c321d50e9f0e1cc6') in 0.001 seconds [static and dynamic dependencies]. Details - ImportResultOutputID=d721db3940c5ac89e9821c36fabc251f DependenciesID=8749358092ab4ab503de4ee0b17edf24 StaticDependenciesID=fb8d7436814d919fb53c628f0d6c097c 
Importing 'GUID: 925c1c4afd6fa5f47a9b1d206146de01 - Path: Packages/com.unity.multiplayer.center/Editor/MultiplayerCenterWindow/UI/Icons/BuildingBlocks/PlayerAccount.png' with importer (TextureImporter)
Imported 'GUID: 925c1c4afd6fa5f47a9b1d206146de01' -> (Import Result ID: 'c099510ce524fd3888948b3fd3929b54') in 0.017 seconds [static and dynamic dependencies]. Details - ImportResultOutputID=1168c95da11498e3f3413d87229da337 DependenciesID=aacc88584f2d346f939776e1022ba86a StaticDependenciesID=8a404c45ef950386926f72ad31b60052 
Importing 'GUID: a209135ce0e03cb4d92e8bb6bb81d169 - Path: Packages/com.unity.multiplayer.center/Editor/MultiplayerCenterWindow/UI/Icons/Questions/Cards.png' with importer (TextureImporter)
Imported 'GUID: a209135ce0e03cb4d92e8bb6bb81d169' -> (Import Result ID: '754f2319daea28e690e06e7d95e25822') in 0.022 seconds [static and dynamic dependencies]. Details - ImportResultOutputID=4f3c15c9c4c0b515688237e263f4829c DependenciesID=da4b9bfcaa97ed5e1679785ddcbc4f7f StaticDependenciesID=e4c1a2958352e79aac8b013316efbe2d 
Importing 'GUID: a23c0dd570fd44b57a03a8880002fcca - Path: Packages/com.unity.multiplayer.center/Editor/MultiplayerCenterWindow/UI/Icons/CloudCode@2x.png' with importer (TextureImporter)
Imported 'GUID: a23c0dd570fd44b57a03a8880002fcca' -> (Import Result ID: '273d76c6364d254b024cc73fd1621d64') in 0.003 seconds [static and dynamic dependencies]. Details - ImportResultOutputID=052b7de7562cb32fba9fff6ffbf9fae8 DependenciesID=ef319310c18cd1b117ac408883f3feaa StaticDependenciesID=5fbc34449f6792ada03ff64dd2b0f971 
Importing 'GUID: b2ce704e56cc84fb3b347499263c6244 - Path: Packages/com.unity.multiplayer.center/Editor/MultiplayerCenterWindow/UI/Icons/ClientHosted.png' with importer (TextureImporter)
Imported 'GUID: b2ce704e56cc84fb3b347499263c6244' -> (Import Result ID: '4a360f9dbf6f43368d21e10000ffb432') in 0.003 seconds [static and dynamic dependencies]. Details - ImportResultOutputID=5f2a78f60de9623a5ec47ef482975c15 DependenciesID=a396463addbeac9abb3a17036ed2f6e9 StaticDependenciesID=ea401295fafa11dcfd172eb52703f7fb 
Importing 'GUID: c2f7f6a88b4c4f20a53deb72f3d9144c - Path: Packages/com.unity.ugui/Editor Resources/Textures/btn_AlignMidLine.psd' with importer (TextureImporter)
Imported 'GUID: c2f7f6a88b4c4f20a53deb72f3d9144c' -> (Import Result ID: 'ef10d9c34ed98726161b974418f9bc49') in 0.002 seconds [static and dynamic dependencies]. Details - ImportResultOutputID=6d4de75c71b0c233c7dcc703c2bae022 DependenciesID=0dbaee00389ae104e8179002a4fbee1d StaticDependenciesID=0939e1f48ad590596677e97b50221222 
Importing 'GUID: 0354877031b64465ea7e5cafea1a2653 - Path: Packages/com.unity.multiplayer.center/Editor/MultiplayerCenterWindow/UI/Icons/DistributedAuthority@2x.png' with importer (TextureImporter)
Imported 'GUID: 0354877031b64465ea7e5cafea1a2653' -> (Import Result ID: '2ff638744463f97f7ec6abbb0e9eb73b') in 0.004 seconds [static and dynamic dependencies]. Details - ImportResultOutputID=f288707df691ab0abc00fb14a1cc780c DependenciesID=efc567e66621bbc10e6e79f16767618b StaticDependenciesID=6b751dcc2be9df9103593b187fe8c953 
Importing 'GUID: 83b28bcaaf34b4fd580114fb05d9f160 - Path: Packages/com.unity.multiplayer.center/Editor/MultiplayerCenterWindow/UI/Icons/NGO@2x.png' with importer (TextureImporter)
Imported 'GUID: 83b28bcaaf34b4fd580114fb05d9f160' -> (Import Result ID: 'a394e68ae39adfa35b0eb2fe18135786') in 0.003 seconds [static and dynamic dependencies]. Details - ImportResultOutputID=b020a4dcb3c28afeb2024eec39b3ca24 DependenciesID=0e4c48bbb09c7d4dcd5688dd29a9456a StaticDependenciesID=38bb52de7484ac798a09ec5f61aa5ad4 
Importing 'GUID: 93e273179c173b34d9e80e37fda41baf - Path: Packages/com.unity.multiplayer.center/Editor/MultiplayerCenterWindow/UI/Icons/BuildingBlocks/LeaderBoards.png' with importer (TextureImporter)
Imported 'GUID: 93e273179c173b34d9e80e37fda41baf' -> (Import Result ID: '4b7ab513660611ddc92890f310da3b72') in 0.032 seconds [static and dynamic dependencies]. Details - ImportResultOutputID=f9c5818f39bb59f66945c8c0004a25a9 DependenciesID=4b8fba9c48a7e997eca8c4289ec5f6b9 StaticDependenciesID=2561a3818c2fa063bb9d48ec42aeb5d8 
Importing 'GUID: e3b0f810fdea84e40ab4ba20f256f7e8 - Path: Packages/com.unity.ugui/Editor Resources/Textures/SectionHeader_Light.psd' with importer (TextureImporter)
Imported 'GUID: e3b0f810fdea84e40ab4ba20f256f7e8' -> (Import Result ID: '66df8dbb10c2ab87227d8041680d97a4') in 0.002 seconds [static and dynamic dependencies]. Details - ImportResultOutputID=5858c06440f0ec933312d5eed261d21c DependenciesID=27ea3418ff627a79e89063cf20bbcd36 StaticDependenciesID=2765a6e599eb943fa0344b5be432be3a 
Importing 'GUID: 0423146d9f51c4563a0f2a8200b6cd38 - Path: Packages/com.unity.multiplayer.center/Editor/MultiplayerCenterWindow/UI/Icons/PackageInstalled@2x.png' with importer (TextureImporter)
Imported 'GUID: 0423146d9f51c4563a0f2a8200b6cd38' -> (Import Result ID: '302498e4f161add8e418e2ebfe75d9c3') in 0.002 seconds [static and dynamic dependencies]. Details - ImportResultOutputID=abfaff5c1dede3f540aa927e31b59d1b DependenciesID=0745633e06f37c6dd73c2fbbed6a1be0 StaticDependenciesID=f2a43b9c2a7b37a182c45e98ca665443 
Importing 'GUID: 342a0f8aca7f4f0691338912faec0494 - Path: Packages/com.unity.ugui/Editor Resources/Textures/btn_AlignRight.psd' with importer (TextureImporter)
Imported 'GUID: 342a0f8aca7f4f0691338912faec0494' -> (Import Result ID: 'e2dd38b2694b96ac85f6deb6c31072be') in 0.002 seconds [static and dynamic dependencies]. Details - ImportResultOutputID=4e9f8a40bc01357ff278e775482e99f9 DependenciesID=701a481ac7544f94e01cc224e6439058 StaticDependenciesID=65930132794480b7fc3056e2c3917602 
Importing 'GUID: 64b9fad609434c489c32b1cdf2004a1c - Path: Packages/com.unity.ugui/Editor Resources/Textures/btn_AlignFlush_Light.psd' with importer (TextureImporter)
Imported 'GUID: 64b9fad609434c489c32b1cdf2004a1c' -> (Import Result ID: '100da9843a95ff9428683529fbf37dfe') in 0.001 seconds [static and dynamic dependencies]. Details - ImportResultOutputID=4672fb9cdeb2be36c6251977202fdd0f DependenciesID=f4d1852df88f6b8dad99ef8489222028 StaticDependenciesID=96d26e87e93b3e5d2e9f1cc9e8bf642a 
Importing 'GUID: 741761e72e6f24446bd8ba03ea3d0261 - Path: Packages/com.unity.multiplayer.center/Editor/MultiplayerCenterWindow/UI/Icons/d_Questionnaire.png' with importer (TextureImporter)
Imported 'GUID: 741761e72e6f24446bd8ba03ea3d0261' -> (Import Result ID: '318589c9d299ffd57abbd11751f5d0f4') in 0.002 seconds [static and dynamic dependencies]. Details - ImportResultOutputID=b7ed1cce9746876095a9c82893e6a51e DependenciesID=82ff3cbd3a661827560bac54780a9d6b StaticDependenciesID=fd5211511875db42ecd89479b5ad9b2f 
Importing 'GUID: 84e4bbd00035e4671bf14e0380a89001 - Path: Packages/com.unity.multiplayer.center/Editor/MultiplayerCenterWindow/UI/Icons/EmptyViewIcon.png' with importer (TextureImporter)
Imported 'GUID: 84e4bbd00035e4671bf14e0380a89001' -> (Import Result ID: 'f556a46362cd7fedd5f74cc42fa7523b') in 0.007 seconds [static and dynamic dependencies]. Details - ImportResultOutputID=2380ff71c95939d8f3a85d94d8b85968 DependenciesID=4df879e5bac59488f8b91565e7059a7e StaticDependenciesID=9c5d511f1d77555cf0eccdf1db315d9f 
Importing 'GUID: 35ff0937876540d3bd4b6a941df62a92 - Path: Packages/com.unity.ugui/Editor Resources/Textures/btn_AlignCenterGeo_Light.psd' with importer (TextureImporter)
Imported 'GUID: 35ff0937876540d3bd4b6a941df62a92' -> (Import Result ID: '23a206e6ba241d5194253c24474e9fcd') in 0.002 seconds [static and dynamic dependencies]. Details - ImportResultOutputID=42abf43c865e815a1a335c835a589603 DependenciesID=e3fb2a06e0ead31f6cfc7120b6b6ac68 StaticDependenciesID=c20f806c71815a69a5f2a30c0cc219ed 
Importing 'GUID: 8566cce82f494484caff62b669c10ab4 - Path: Packages/com.unity.multiplayer.center/Editor/MultiplayerCenterWindow/UI/Icons/Samples/Competitive_header.png' with importer (TextureImporter)
Imported 'GUID: 8566cce82f494484caff62b669c10ab4' -> (Import Result ID: 'a553d109dab62c6862348bf1e6af389a') in 0.018 seconds [static and dynamic dependencies]. Details - ImportResultOutputID=00ab5f94cbe5a07926a35261e664d309 DependenciesID=b236f53c13ce8d9666d48ab789a90e2e StaticDependenciesID=3c85dd47b7909d83ccccd21518a4d679 
Importing 'GUID: b58a826ca804e4c67bab4283ad5a6102 - Path: Packages/com.unity.multiplayer.center/Editor/MultiplayerCenterWindow/UI/Icons/NoNetcode@2x.png' with importer (TextureImporter)
Imported 'GUID: b58a826ca804e4c67bab4283ad5a6102' -> (Import Result ID: '39c1450e5770be56ea6ed80ab60f087c') in 0.003 seconds [static and dynamic dependencies]. Details - ImportResultOutputID=1fcb1ace925996814ba7814d3e940c5e DependenciesID=601c7272f7641c9f1a2a0e6c43523d4f StaticDependenciesID=f996a64622b585d9a3953ba91d69606a 
Importing 'GUID: 066619c9c9c84f89acb1b48c11a7efe2 - Path: Packages/com.unity.ugui/Editor Resources/Textures/btn_AlignMiddle_Light.psd' with importer (TextureImporter)
Imported 'GUID: 066619c9c9c84f89acb1b48c11a7efe2' -> (Import Result ID: 'b2ec5001626c5b38ddd77f2856d7736b') in 0.002 seconds [static and dynamic dependencies]. Details - ImportResultOutputID=f77cce54afa7d63c595faa114df023f3 DependenciesID=f590f791b567ba569caba75078135fe8 StaticDependenciesID=ebcb6f41f121963585b6800ca60774ba 
Importing 'GUID: 4616b2fa4acd1429e931835b80966c2a - Path: Packages/com.unity.multiplayer.center/Editor/MultiplayerCenterWindow/UI/Icons/PackageInstalled.png' with importer (TextureImporter)
Imported 'GUID: 4616b2fa4acd1429e931835b80966c2a' -> (Import Result ID: 'd208fd5104a4790aa300c478a22a5b18') in 0.001 seconds [static and dynamic dependencies]. Details - ImportResultOutputID=5c2611166803808f49e9c79ee4a81778 DependenciesID=b9cb677751dc5f99d889b6c78bb38d02 StaticDependenciesID=de84afdc53ed628d9d3e010922b03346 
Importing 'GUID: a6fd0c627f5aa48fa81512221e70a11e - Path: Packages/com.unity.multiplayer.center/Editor/MultiplayerCenterWindow/UI/Icons/d_PackageManager@2x.png' with importer (TextureImporter)
Imported 'GUID: a6fd0c627f5aa48fa81512221e70a11e' -> (Import Result ID: '1bc257b666c8ac9be24888f82f1766e6') in 0.002 seconds [static and dynamic dependencies]. Details - ImportResultOutputID=d2ab20ecc51e853ac7f6735d3fa453f1 DependenciesID=e2966e16d5b9a3b1067d8f4cb4c1400b StaticDependenciesID=586b18a87b4fe6d9e1290b552ddc757c 
Importing 'GUID: d63245ece6d8f476c8c7ca24da9937f6 - Path: Packages/com.unity.multiplayer.center/Editor/MultiplayerCenterWindow/UI/Icons/DistributedAuthority.png' with importer (TextureImporter)
Imported 'GUID: d63245ece6d8f476c8c7ca24da9937f6' -> (Import Result ID: '997b97fb6c983c6e66fb05a90cee8521') in 0.002 seconds [static and dynamic dependencies]. Details - ImportResultOutputID=a9729f8bb741d697ef32943f2d947e00 DependenciesID=beb44f0a2f364b39bb6d04733f5cff79 StaticDependenciesID=bcb65d4302816f1f111d2ba1a0d06eb9 
Importing 'GUID: 77be953cf28de42a4ad8532539fef3f5 - Path: Packages/com.unity.multiplayer.center/Editor/MultiplayerCenterWindow/UI/Icons/d_PackageInstalled.png' with importer (TextureImporter)
Imported 'GUID: 77be953cf28de42a4ad8532539fef3f5' -> (Import Result ID: '3b9d673bc5723b7a92aa6b3ad1efb4c0') in 0.002 seconds [static and dynamic dependencies]. Details - ImportResultOutputID=e404e14a434549edaf3209224fc92f0d DependenciesID=3a6440043d54dbd49fd5a53d4de29eb1 StaticDependenciesID=d3accdadb0388d02b22e0e220a7c0485 
Importing 'GUID: a7ec9e7ad8b847b7ae4510af83c5d868 - Path: Packages/com.unity.ugui/Editor Resources/Gizmos/TMP - Dropdown Icon.psd' with importer (TextureImporter)
Imported 'GUID: a7ec9e7ad8b847b7ae4510af83c5d868' -> (Import Result ID: '8ecd523bdc9a88b12cd3923f95a13eb5') in 0.003 seconds [static and dynamic dependencies]. Details - ImportResultOutputID=1d092266e479a9389aa88f9e8c354cc3 DependenciesID=2cb844105627d057fa0c4a7ba8637425 StaticDependenciesID=d25cf6ffe4de545aadba23a2f6cf5bef 
Importing 'GUID: c7a38e6eccbfc49778cb8b77f594a971 - Path: Packages/com.unity.multiplayer.center/Editor/MultiplayerCenterWindow/UI/Icons/ClientHosted@2x.png' with importer (TextureImporter)
Imported 'GUID: c7a38e6eccbfc49778cb8b77f594a971' -> (Import Result ID: 'd9c84eeb757f700dc465e71fe9003422') in 0.004 seconds [static and dynamic dependencies]. Details - ImportResultOutputID=89142fcfe92b27077d558bdbddc1a482 DependenciesID=a5d9727431b388fde831d044523c60bb StaticDependenciesID=b2937672691d4dddc4bb1ea0cd313a42 
Importing 'GUID: c76700ea0062413d9f69409b4e9e151b - Path: Packages/com.unity.ugui/Editor Resources/Textures/btn_AlignCenterGeo.psd' with importer (TextureImporter)
Imported 'GUID: c76700ea0062413d9f69409b4e9e151b' -> (Import Result ID: '42c7a7637898299698fce72e3efae800') in 0.001 seconds [static and dynamic dependencies]. Details - ImportResultOutputID=72aee2cb9476632a70cc794e11679c7f DependenciesID=e92e33bbb65eeab36826fb08ad743777 StaticDependenciesID=512342258a9094da98cf6d47a54e2f89 
Importing 'GUID: d7711b0cc806d430b8a95f1e33ec3649 - Path: Packages/com.unity.multiplayer.center/Editor/MultiplayerCenterWindow/UI/Icons/CustomNetcode@2x.png' with importer (TextureImporter)
Imported 'GUID: d7711b0cc806d430b8a95f1e33ec3649' -> (Import Result ID: '4ebba74a41f4b643d6373d66d19da73e') in 0.003 seconds [static and dynamic dependencies]. Details - ImportResultOutputID=2fc66444e901260588a3341adf9c5ca1 DependenciesID=ddf19a77ee05977b5215476f36ef3892 StaticDependenciesID=284de3c6e046f978e272fa2922a3a7ac 
Importing 'GUID: 18775b51e3bd42299fd30bd036ea982f - Path: Packages/com.unity.ugui/Editor Resources/Textures/btn_AlignBaseLine_Light.psd' with importer (TextureImporter)
Imported 'GUID: 18775b51e3bd42299fd30bd036ea982f' -> (Import Result ID: '66d764d03926d113902b2db00c619c7a') in 0.002 seconds [static and dynamic dependencies]. Details - ImportResultOutputID=b79d4d30fa756deee11d23370f77ef67 DependenciesID=b4ef3a77fe4eadd52e2a4847701eae35 StaticDependenciesID=be23cbe8287b5be74c6e89b19ec95c1e 
Importing 'GUID: 38b78df4a34c94fa6a52c90239606ff1 - Path: Packages/com.unity.multiplayer.center/Editor/MultiplayerCenterWindow/UI/Icons/DedicatedServer@2x.png' with importer (TextureImporter)
Imported 'GUID: 38b78df4a34c94fa6a52c90239606ff1' -> (Import Result ID: 'fdcd387e74fffb74f452b0ba68e45521') in 0.003 seconds [static and dynamic dependencies]. Details - ImportResultOutputID=979cdfd14ae55086ff4348a9fcfae4c6 DependenciesID=ea910315fb8fa75d69ce8bd74b60b1d8 StaticDependenciesID=09cd638d6c3dd094bb4d19d8229f4121 
Importing 'GUID: 48d034c499ee4697af9dd6e327110249 - Path: Packages/com.unity.ugui/Editor Resources/Textures/btn_AlignTop.psd' with importer (TextureImporter)
Imported 'GUID: 48d034c499ee4697af9dd6e327110249' -> (Import Result ID: 'bfffea347ef790dd294c97985af3f8da') in 0.002 seconds [static and dynamic dependencies]. Details - ImportResultOutputID=32839be415b4fbc867bb3343129f7ff4 DependenciesID=2f8f04feca89d08de7b0c2a97f29ba22 StaticDependenciesID=6aeaa971d658fb6be4d5c017d0e783cf 
Importing 'GUID: 585b70cb75dd43efbfead809c30a1731 - Path: Packages/com.unity.ugui/Editor Resources/Textures/btn_AlignBottom_Light.psd' with importer (TextureImporter)
Imported 'GUID: 585b70cb75dd43efbfead809c30a1731' -> (Import Result ID: '8122c833ad323baad84d91f0596525a6') in 0.002 seconds [static and dynamic dependencies]. Details - ImportResultOutputID=c0ba537ca5f8b0b712a9e2b6afcf00ee DependenciesID=58fa524ee20e9b5a4de79174d01affe5 StaticDependenciesID=9d0cd4591fe50e628a54133bb729e315 
Importing 'GUID: f8856f69b9af1424a95a5cb4f8b4ccd3 - Path: Packages/com.unity.multiplayer.center/Editor/MultiplayerCenterWindow/UI/Icons/unitycube.png' with importer (TextureImporter)
Imported 'GUID: f8856f69b9af1424a95a5cb4f8b4ccd3' -> (Import Result ID: '6a6da732f132e6226a0a4957c379be69') in 0.008 seconds [static and dynamic dependencies]. Details - ImportResultOutputID=c13e490681d7f5f4fb4c255b60ee30c6 DependenciesID=3e313a7e036dac1cf0e67f501cfa5be4 StaticDependenciesID=89d73db746ef2c62770b8a3b74c44582 
Importing 'GUID: f8fef4740531af5ccaee7ae0c18cb5b1 - Path: Packages/com.unity.multiplayer.center/Editor/MultiplayerCenterWindow/UI/Icons/Samples/Getting-Started.png' with importer (TextureImporter)
Imported 'GUID: f8fef4740531af5ccaee7ae0c18cb5b1' -> (Import Result ID: '30c09648b637b7ef88ccbd1326538c22') in 0.017 seconds [static and dynamic dependencies]. Details - ImportResultOutputID=9fe354d3d5212e273b5a78fa16f78a00 DependenciesID=a7a837ab8081556b39445c5d22ccab48 StaticDependenciesID=498db2d29133d5695c3ad44995c5c949 
Importing 'GUID: 29395f0639574c1fbc8b729aa257fb84 - Path: Packages/com.unity.multiplayer.center/Editor/MultiplayerCenterWindow/UI/Icons/d_Check.png' with importer (TextureImporter)
Imported 'GUID: 29395f0639574c1fbc8b729aa257fb84' -> (Import Result ID: '5260cff9e6676bfdbcf74ef098cdf309') in 0.004 seconds [static and dynamic dependencies]. Details - ImportResultOutputID=0017f592ca4d26cc34d42e2b9ffa94c0 DependenciesID=b9366160b4d799967594071af5411f90 StaticDependenciesID=5f50e87fa82d170590c16d6e5db4a7da 
Importing 'GUID: 49679f302ac6408697f6b9314a38985c - Path: Packages/com.unity.ugui/Editor Resources/Textures/btn_AlignCapLine_Light.psd' with importer (TextureImporter)
Imported 'GUID: 49679f302ac6408697f6b9314a38985c' -> (Import Result ID: '89a99c064ada06b0d02aa70db7aab48c') in 0.004 seconds [static and dynamic dependencies]. Details - ImportResultOutputID=b40afbb80262103711541ce768c9c967 DependenciesID=99af14b2c649e43576d0c0fcee47ab2c StaticDependenciesID=7d107c7a3b98713080b4cebcc25406a3 
Importing 'GUID: 59b8d0702d484633b96569196ac69439 - Path: Packages/com.unity.multiplayer.center/Editor/MultiplayerCenterWindow/UI/Icons/Samples/casual-co-op-preview.png' with importer (TextureImporter)
Imported 'GUID: 59b8d0702d484633b96569196ac69439' -> (Import Result ID: '34cbbff8e316f5de9a25e986278b0124') in 0.018 seconds [static and dynamic dependencies]. Details - ImportResultOutputID=2f5915c39773f192b1bfea5d9591eeec DependenciesID=df33fe46701a3963586cf4fe74549c2c StaticDependenciesID=c917040fdc9c107a1b2e8178cc7f444d 
Importing 'GUID: 592c238e58651834da7aa7b058912cb9 - Path: Packages/com.unity.multiplayer.center/Editor/MultiplayerCenterWindow/UI/Icons/d_ArrowCaretLeft.png' with importer (TextureImporter)
Imported 'GUID: 592c238e58651834da7aa7b058912cb9' -> (Import Result ID: '9996f5aaa41fb09d2f5b4b1c721648a6') in 0.003 seconds [static and dynamic dependencies]. Details - ImportResultOutputID=b4a657bb850e84612bd8bf9c4b6c751e DependenciesID=fb79aa3a4004022c937672d7dfe90192 StaticDependenciesID=497a6f3739fcf4e28cec8212671d5cd8 
Importing 'GUID: 691475c57a824010be0c6f474caeb7e1 - Path: Packages/com.unity.ugui/Editor Resources/Textures/btn_AlignFlush.psd' with importer (TextureImporter)
Imported 'GUID: 691475c57a824010be0c6f474caeb7e1' -> (Import Result ID: 'aeecb19d5a4b0a1e83efabafe2877407') in 0.002 seconds [static and dynamic dependencies]. Details - ImportResultOutputID=c613369413b407b6ff64265022388b34 DependenciesID=f47ad224c1e2f4ac4039b1fbcfd5bce4 StaticDependenciesID=44bdc218b09594db6c32e1acf2f801ae 
Importing 'GUID: 99da7b3894f364efdb5fa1443952a55d - Path: Packages/com.unity.multiplayer.center/Editor/MultiplayerCenterWindow/UI/Icons/NGO.png' with importer (TextureImporter)
Imported 'GUID: 99da7b3894f364efdb5fa1443952a55d' -> (Import Result ID: '4be09274811522f738f0efe33699ed2f') in 0.003 seconds [static and dynamic dependencies]. Details - ImportResultOutputID=507c5faa4a7c224be2cf2112326e6247 DependenciesID=bf6f3bc78161c4a742b6d4e98e0631e4 StaticDependenciesID=7b145e5c4b2bafdd481ea836e162136b 
Importing 'GUID: c9fdec563ba7c294c96f352d1dc50346 - Path: Packages/com.unity.multiplayer.center/Editor/MultiplayerCenterWindow/UI/Icons/Samples/TurnBased_header.png' with importer (TextureImporter)
Imported 'GUID: c9fdec563ba7c294c96f352d1dc50346' -> (Import Result ID: '4d22ed8ce50f13c50c07532c8109ac15') in 0.021 seconds [static and dynamic dependencies]. Details - ImportResultOutputID=dd267076f532a47ca1dde88d8dff89eb DependenciesID=fb3d479b60f570447464d319853943ea StaticDependenciesID=7c96b3589a6d714448c626b9ed963756 
Importing 'GUID: e9669051ff70449b5923861e0e0b8838 - Path: Packages/com.unity.multiplayer.center/Editor/MultiplayerCenterWindow/UI/Icons/N4E.png' with importer (TextureImporter)
Imported 'GUID: e9669051ff70449b5923861e0e0b8838' -> (Import Result ID: 'bbfda99783d7556d75017e38c6b9b1cc') in 0.003 seconds [static and dynamic dependencies]. Details - ImportResultOutputID=0d45a4b028938eb86c25e4427aa0ef14 DependenciesID=eac4fa817d1a6eec6a6511be91efbbb6 StaticDependenciesID=ee1592d5f81e1311f91029ad3f973bd7 
Importing 'GUID: 2adffcc506285402aa795dee6f3166d0 - Path: Packages/com.unity.multiplayer.center/Editor/MultiplayerCenterWindow/UI/Icons/EmptyViewIcon@2x.png' with importer (TextureImporter)
Imported 'GUID: 2adffcc506285402aa795dee6f3166d0' -> (Import Result ID: '9e80a5fe26bba118aec8689f6cba38af') in 0.025 seconds [static and dynamic dependencies]. Details - ImportResultOutputID=117c0cbcf1f623c80408e83f61f13739 DependenciesID=0eb45739f34670e707bd0135241728bb StaticDependenciesID=2a68fc18fd4e0e71bb59a4cef7217bb0 
Importing 'GUID: 6ace62d30f494c948b71d5594afce11d - Path: Packages/com.unity.ugui/Editor Resources/Textures/btn_AlignCenter_Light.psd' with importer (TextureImporter)
Imported 'GUID: 6ace62d30f494c948b71d5594afce11d' -> (Import Result ID: '59647cd29307c52e2b2a1bf7649f7695') in 0.002 seconds [static and dynamic dependencies]. Details - ImportResultOutputID=bc7c1c85970df28fcabf973c81deeb88 DependenciesID=f0e0598aba3dd2b04541dc5dc7654fdb StaticDependenciesID=6ce039aade2d172e1c333e1bf386b43e 
Importing 'GUID: 7a5b20a39b28c3646a25e798a8bd75fa - Path: Packages/com.unity.multiplayer.center/Editor/MultiplayerCenterWindow/UI/Icons/Samples/GenreHeader.png' with importer (TextureImporter)
Imported 'GUID: 7a5b20a39b28c3646a25e798a8bd75fa' -> (Import Result ID: 'dcd3e1163506426862c8b03106323bc8') in 0.110 seconds [static and dynamic dependencies]. Details - ImportResultOutputID=4a8135b8e65da75c1de335cac99ac15f DependenciesID=7d6d41efc9b956b300e440a6140779e0 StaticDependenciesID=53049da74c7853f91790d68cdfd282cd 
Importing 'GUID: ca51b19024094d1b87f3e07edb0a75fb - Path: Packages/com.unity.ugui/Editor Resources/Textures/btn_AlignBottom.psd' with importer (TextureImporter)
Imported 'GUID: ca51b19024094d1b87f3e07edb0a75fb' -> (Import Result ID: 'b33f5b88193e2360a314c8f7e46b113e') in 0.002 seconds [static and dynamic dependencies]. Details - ImportResultOutputID=a0c1f186defb5f2aae7340b134ce0aa4 DependenciesID=d106226d912c9205fb33ddc4a6965645 StaticDependenciesID=7a62c9f3749049c4c872ef42bb344c0f 
Importing 'GUID: dab91f148d99946e7b3c3a87ecf4b973 - Path: Packages/com.unity.multiplayer.center/Editor/MultiplayerCenterWindow/UI/Icons/d_Loading.png' with importer (TextureImporter)
Imported 'GUID: dab91f148d99946e7b3c3a87ecf4b973' -> (Import Result ID: 'dafa2f7ce60c3afb18089c8af43bebac') in 0.004 seconds [static and dynamic dependencies]. Details - ImportResultOutputID=c296da80bf94604dc57389e5de10dcdb DependenciesID=248ff72e0db2a72dafa0af20b30c2e67 StaticDependenciesID=f26030ce9c180ad09559902541725464 
Importing 'GUID: fa6bd40a216346b783a4cce741d277a5 - Path: Packages/com.unity.ugui/Editor Resources/Textures/btn_AlignJustified_Light.psd' with importer (TextureImporter)
Imported 'GUID: fa6bd40a216346b783a4cce741d277a5' -> (Import Result ID: '93bda36a52a89fefaf3480f791a2816f') in 0.002 seconds [static and dynamic dependencies]. Details - ImportResultOutputID=a3a280609257f85b23aa28d1d6da0790 DependenciesID=608dd6daf157e9f56b290b2487088d17 StaticDependenciesID=d57b575d93ec8dcf432dceb2dd80643e 
Importing 'GUID: 1b4c88814ec6241eb8e327515399c006 - Path: Packages/com.unity.multiplayer.center/Editor/MultiplayerCenterWindow/UI/Icons/d_PackageManager.png' with importer (TextureImporter)
Imported 'GUID: 1b4c88814ec6241eb8e327515399c006' -> (Import Result ID: '452bce2edea94b798e727e1b6326bcb6') in 0.003 seconds [static and dynamic dependencies]. Details - ImportResultOutputID=68e5cd4eeb27f0f010da18f3d85034df DependenciesID=d6b576682f89be7d04f4d38728d5d390 StaticDependenciesID=9c062fcf021e889996105f24076ba561 
Importing 'GUID: 2b5c1c756642f9a4db4b4832fff5aa16 - Path: Packages/com.unity.multiplayer.center/Editor/MultiplayerCenterWindow/UI/Icons/BuildingBlocks/Matchmaking.png' with importer (TextureImporter)
Imported 'GUID: 2b5c1c756642f9a4db4b4832fff5aa16' -> (Import Result ID: 'cd9c0c783a6eeaa1a54b7a1531e2c3a0') in 0.024 seconds [static and dynamic dependencies]. Details - ImportResultOutputID=937db95a8487c777c653e77e7c233078 DependenciesID=ff9ebd2079848a30105d3eb15ef9a069 StaticDependenciesID=9d6c83cf540e987b4f6f8b1483df7c19 
Importing 'GUID: 8bc445bb79654bf496c92d0407840a92 - Path: Packages/com.unity.ugui/Editor Resources/Textures/btn_AlignBaseLine.psd' with importer (TextureImporter)
Imported 'GUID: 8bc445bb79654bf496c92d0407840a92' -> (Import Result ID: '7ffa820d9bbb5f1759630b4d7109d0ac') in 0.002 seconds [static and dynamic dependencies]. Details - ImportResultOutputID=1da4b4321201c9fc120c4b5d6d0da406 DependenciesID=b28203e3e41c0187e8c85bdd52aac5df StaticDependenciesID=9e77ebaf615f0af468340136b971e6fd 
Importing 'GUID: bb42b2d967d6427983c901a4ffc8ecd9 - Path: Packages/com.unity.ugui/Editor Resources/Textures/btn_AlignMidline_Light.psd' with importer (TextureImporter)
Imported 'GUID: bb42b2d967d6427983c901a4ffc8ecd9' -> (Import Result ID: 'a430db1d4461d7dd71562b242e7686cb') in 0.002 seconds [static and dynamic dependencies]. Details - ImportResultOutputID=f9f6f7e8bc558f0880ae54f7db5a27b0 DependenciesID=3bc32e68c79eb2cdfc2cf73660ca9af3 StaticDependenciesID=793c8764f168dd2924c82463e6ac067a 
Importing 'GUID: fb5730e24283d0c489e5c7d0bee023d9 - Path: Packages/com.unity.ugui/Editor Resources/Textures/SectionHeader_Dark.psd' with importer (TextureImporter)
Imported 'GUID: fb5730e24283d0c489e5c7d0bee023d9' -> (Import Result ID: '2207dcf0efc3a8a38690cd4585a029fb') in 0.002 seconds [static and dynamic dependencies]. Details - ImportResultOutputID=46afcc5bb4c6333eef3173c7cc2fab55 DependenciesID=8f546b62fcdece29150724ac67cc10f6 StaticDependenciesID=99bc241f7e2a94c70be8fb85441f2221 
Importing 'GUID: fb5a53c57b7d2e4438d1e9c756a0123d - Path: Packages/com.unity.multiplayer.center/Editor/MultiplayerCenterWindow/UI/Icons/Samples/Casual_header.png' with importer (TextureImporter)
Imported 'GUID: fb5a53c57b7d2e4438d1e9c756a0123d' -> (Import Result ID: 'e09fbb1323e1b7edc5be4cac2ddf0068') in 0.026 seconds [static and dynamic dependencies]. Details - ImportResultOutputID=403995634dd3b27c7e6610394586c697 DependenciesID=32fe7427e1303bda6e7efc30ee723cf8 StaticDependenciesID=664ba06bfce3f6e9d3601ba94ed821aa 
Importing 'GUID: 2cb589d4e01184d928bb698f06e77561 - Path: Packages/com.unity.multiplayer.center/Editor/MultiplayerCenterWindow/UI/Icons/N4E@2x.png' with importer (TextureImporter)
Imported 'GUID: 2cb589d4e01184d928bb698f06e77561' -> (Import Result ID: '20fb91e34f5947a35b8f63032a2b1bf3') in 0.005 seconds [static and dynamic dependencies]. Details - ImportResultOutputID=604b604e6503b1f00c24f2458747ee2a DependenciesID=e035e73a2e5c0513a770626ea1dcaaa1 StaticDependenciesID=88b081f6dc740e86e9aefa80f3cc9b21 
Importing 'GUID: ac7f13e3d1c241a2991bdbd0c8babbfa - Path: Packages/com.unity.multiplayer.center/Editor/MultiplayerCenterWindow/UI/Icons/Samples/casual-co-op-preview-light.png' with importer (TextureImporter)
Imported 'GUID: ac7f13e3d1c241a2991bdbd0c8babbfa' -> (Import Result ID: 'e29257f8b1b1637a92c206c3e419c1dd') in 0.013 seconds [static and dynamic dependencies]. Details - ImportResultOutputID=1d1046b4145a66e1c6c39f9434e8be6d DependenciesID=87b300dcd07735a93161938abff160e1 StaticDependenciesID=2acd373c67ee3f6bfb0aa6d04c4807a6 
Importing 'GUID: dce12af736e0a4a1ba35d6424f897dc9 - Path: Packages/com.unity.multiplayer.center/Editor/MultiplayerCenterWindow/UI/Icons/CustomNetcode.png' with importer (TextureImporter)
Imported 'GUID: dce12af736e0a4a1ba35d6424f897dc9' -> (Import Result ID: 'd008505f004a3e1d5bac192330627582') in 0.003 seconds [static and dynamic dependencies]. Details - ImportResultOutputID=d74952181bf8d69addc7a5a3dbb65a9b DependenciesID=d2df7ebb6f7650e4e1edfa377afb1f12 StaticDependenciesID=c59806cc33eb93e34990ed03404a4311 
Importing 'GUID: ec7c645d93308c04d8840982af12101e - Path: Packages/com.unity.ugui/Editor Resources/Gizmos/TMP - Sprite Asset Icon.psd' with importer (TextureImporter)
Imported 'GUID: ec7c645d93308c04d8840982af12101e' -> (Import Result ID: 'ad94acf624412b65610547e34d6e67d3') in 0.004 seconds [static and dynamic dependencies]. Details - ImportResultOutputID=a1ea644dbf7fd0403392d7738c953d32 DependenciesID=e67716c0aac56dd723c97dcd452bae60 StaticDependenciesID=da6dc773fe60859d1662f70ef9f74706 
Importing 'GUID: 0d497449299bb1c49bf466d38d12a147 - Path: Packages/com.unity.multiplayer.center/Editor/MultiplayerCenterWindow/UI/Icons/Samples/BB_Matchmaker.png' with importer (TextureImporter)
Imported 'GUID: 0d497449299bb1c49bf466d38d12a147' -> (Import Result ID: 'b69ad99d481ac04f5777550db53066e9') in 0.365 seconds [static and dynamic dependencies]. Details - ImportResultOutputID=95d81dd6353da6f405f9f568ca7f6158 DependenciesID=abef2e8c4d432213d55b322fd38770ab StaticDependenciesID=03483331a99d513a9416367ce96d3b3e 
Importing 'GUID: 0d9a36012a224080966c7b55896aa0f9 - Path: Packages/com.unity.ugui/Editor Resources/Textures/btn_AlignCapLine.psd' with importer (TextureImporter)
Imported 'GUID: 0d9a36012a224080966c7b55896aa0f9' -> (Import Result ID: 'f0b2b79edfe267254511703ad39a9a7d') in 0.002 seconds [static and dynamic dependencies]. Details - ImportResultOutputID=f47e4507a3e8c56c6eb293b5fad5f96a DependenciesID=ce6182cce08be188422af1477d33d550 StaticDependenciesID=9221d101b9b9810e92c30fc199af23d1 
Importing 'GUID: 1daed49eec0f94f7ebb36dfef6159884 - Path: Packages/com.unity.multiplayer.center/Editor/MultiplayerCenterWindow/UI/Icons/NoNetcode.png' with importer (TextureImporter)
Imported 'GUID: 1daed49eec0f94f7ebb36dfef6159884' -> (Import Result ID: '03b414743febcd969b0d017b90308aab') in 0.002 seconds [static and dynamic dependencies]. Details - ImportResultOutputID=e29fe0b4824b3e777ad738db3e8dfd71 DependenciesID=7d9a595e6983323309f10909d4cd1f50 StaticDependenciesID=e4df2e3bf6a0c4d3331939cf8e7e8f95 
Importing 'GUID: 9d9689eab72c8480c90679f4dcf18820 - Path: Packages/com.unity.multiplayer.center/Editor/MultiplayerCenterWindow/UI/Icons/Package.png' with importer (TextureImporter)
Imported 'GUID: 9d9689eab72c8480c90679f4dcf18820' -> (Import Result ID: '90060087b53887d39687706aed4a701f') in 0.002 seconds [static and dynamic dependencies]. Details - ImportResultOutputID=aa4311540e25bec2e0f3694d7e77a218 DependenciesID=0a1a38900458db7137354cc4768435ad StaticDependenciesID=bbc92c33f30a22a919cddcc76a222498 
Importing 'GUID: ad1d29f4654194951a3c8bf507914d05 - Path: Packages/com.unity.multiplayer.center/Editor/MultiplayerCenterWindow/UI/Icons/CloudCode.png' with importer (TextureImporter)
Imported 'GUID: ad1d29f4654194951a3c8bf507914d05' -> (Import Result ID: 'a3e670a55c08478cb4051a9e3de5bfa1') in 0.002 seconds [static and dynamic dependencies]. Details - ImportResultOutputID=8da959a2dd748888fa6d67ee06f3a7f1 DependenciesID=3450a6e2ec2ad9b9f5bc6505f1f56f52 StaticDependenciesID=98fca0e2799a39f85c182f855d4d7140 
Importing 'GUID: dd70cd654275d47db807e918055e004f - Path: Packages/com.unity.multiplayer.center/Editor/MultiplayerCenterWindow/UI/Icons/Questionnaire.png' with importer (TextureImporter)
Imported 'GUID: dd70cd654275d47db807e918055e004f' -> (Import Result ID: 'a9dc3fd247b0193c2e3132d7067d8668') in 0.001 seconds [static and dynamic dependencies]. Details - ImportResultOutputID=ab96b046b4a3c3b539e1437f137fda44 DependenciesID=1041d02d06b37709654df8d1030d9f05 StaticDependenciesID=53192afdaff9403e63852aca4788e52e 
Importing 'GUID: ed041e68439749a69d0efa0e3d896c2e - Path: Packages/com.unity.ugui/Editor Resources/Textures/btn_AlignTop_Light.psd' with importer (TextureImporter)
Imported 'GUID: ed041e68439749a69d0efa0e3d896c2e' -> (Import Result ID: '9605ce4bf30651ca665d8eca6d901015') in 0.001 seconds [static and dynamic dependencies]. Details - ImportResultOutputID=c542233f35e58120068d4c9fc2cbad5e DependenciesID=e569c0ac5f16056c1bb46c096d77ce49 StaticDependenciesID=cff6297ce7f83458541e2cc7b14df8bb 
Importing 'GUID: 3ee40aa79cd242a5b53b0b0ca4f13f0f - Path: Packages/com.unity.ugui/Editor Resources/Gizmos/TMP - Input Field Icon.psd' with importer (TextureImporter)
Imported 'GUID: 3ee40aa79cd242a5b53b0b0ca4f13f0f' -> (Import Result ID: '9e0a259c80222c03737b5b8118df4298') in 0.002 seconds [static and dynamic dependencies]. Details - ImportResultOutputID=ce54539d4f6482da89c50386bfac2f02 DependenciesID=b868e6146795b0a9a3cd2c9d1a6e8e75 StaticDependenciesID=7161c63cf97c0e0b1f843a12ea672410 
Importing 'GUID: 4e35979facdd58d4a886d60ae376c33b - Path: Packages/com.unity.multiplayer.center/Editor/MultiplayerCenterWindow/UI/Icons/BuildingBlocks/MultiplayerSession.png' with importer (TextureImporter)
Imported 'GUID: 4e35979facdd58d4a886d60ae376c33b' -> (Import Result ID: '5aa644008e02dfc868fe0a812860f3d6') in 0.025 seconds [static and dynamic dependencies]. Details - ImportResultOutputID=0299ccadd0acd9e42d5fbfb3b3452419 DependenciesID=38c35e286b5ef1953cabb737d5f7fc80 StaticDependenciesID=442cebbc412379f65c484c8a432a986a 
Importing 'GUID: ee148e281f3c41c5b4ff5f8a5afe5a6c - Path: Packages/com.unity.ugui/Editor Resources/Gizmos/TMP - Font Asset Icon.psd' with importer (TextureImporter)
Imported 'GUID: ee148e281f3c41c5b4ff5f8a5afe5a6c' -> (Import Result ID: '198804e6c2621cdc2d0e5885f33ba1d9') in 0.004 seconds [static and dynamic dependencies]. Details - ImportResultOutputID=0b1b0f665efda68f91e501c03129b44c DependenciesID=4a030af1365db088e9e4528dd1323c29 StaticDependenciesID=f6fb8b45520767464e90df2a78b33b57 
Importing 'GUID: 2fd6421f253b4ef1a19526541f9ffc0c - Path: Packages/com.unity.ugui/Editor Resources/Gizmos/TMP - Text Component Icon.psd' with importer (TextureImporter)
Imported 'GUID: 2fd6421f253b4ef1a19526541f9ffc0c' -> (Import Result ID: 'c8535ba46cc39e2e8e07b9206102afff') in 0.003 seconds [static and dynamic dependencies]. Details - ImportResultOutputID=15f2b706026caf410c93cb17c3c74ba9 DependenciesID=ca95413d6875928840732b8c838edbe1 StaticDependenciesID=279d39d469c8806a5964f1898d84e31d 
Importing 'GUID: 3fe892784421e47f5aa40c2784a6cb3e - Path: Packages/com.unity.multiplayer.center/Editor/MultiplayerCenterWindow/UI/Icons/DedicatedServer.png' with importer (TextureImporter)
Imported 'GUID: 3fe892784421e47f5aa40c2784a6cb3e' -> (Import Result ID: 'a6eb82a52a78f2d6d89f1808c6078667') in 0.002 seconds [static and dynamic dependencies]. Details - ImportResultOutputID=193813fe923fc90d02dadaedae34d39a DependenciesID=fe6299e02ed8fdf8e3d52d5e26bd8d3b StaticDependenciesID=8e7b1d516501d6a1d7640652255e3c76 
Importing 'GUID: 4fd230da4553f83f4b7d0e9b138cf65e - Path: Packages/com.unity.multiplayer.center/Editor/MultiplayerCenterWindow/UI/Icons/gradiant.png' with importer (TextureImporter)
Imported 'GUID: 4fd230da4553f83f4b7d0e9b138cf65e' -> (Import Result ID: '39c48c62e9bb8101c00f74f920ab2d8d') in 0.002 seconds [static and dynamic dependencies]. Details - ImportResultOutputID=9c78624bd0e589a0e43db720f58bc64f DependenciesID=f831c78f449ad3302169aa0d30ad2b91 StaticDependenciesID=2ee3a144b7553c8e768ab231842ecba6 
Importing 'GUID: 4f78a544322c742b89e63fb68557b1d2 - Path: Packages/com.unity.multiplayer.center/Editor/MultiplayerCenterWindow/UI/Icons/Check.png' with importer (TextureImporter)
Imported 'GUID: 4f78a544322c742b89e63fb68557b1d2' -> (Import Result ID: '0c8b3ec61a1ebf3642895a017e374419') in 0.001 seconds [static and dynamic dependencies]. Details - ImportResultOutputID=5f95d92e2df01c6b615d89bd6d80e8de DependenciesID=706c6190271a23e615b05f770bb581eb StaticDependenciesID=8d8eed2568b48a9dfb490a110e96e5e8 
Importing 'GUID: 5f386b78366e8be43912360e0f2fbf95 - Path: Packages/com.unity.multiplayer.center/Editor/MultiplayerCenterWindow/UI/Icons/Questions/WheelOfTime.png' with importer (TextureImporter)
Imported 'GUID: 5f386b78366e8be43912360e0f2fbf95' -> (Import Result ID: '68681827dd9994a89723e69fc6d12020') in 0.006 seconds [static and dynamic dependencies]. Details - ImportResultOutputID=d78cd3f89be235a297720cfe985e6613 DependenciesID=7c0677972632d5ad0e6a44b1c8acdb5c StaticDependenciesID=c48cbb844b4ee3acd322282e0d33c755 
Importing 'GUID: abe6991365a27d341a10580f3b7c0f44 - Path: Packages/com.unity.ugui/Editor Resources/Shaders/TMP_SDF_SSD.cginc' with importer (ShaderIncludeImporter)
Imported 'GUID: abe6991365a27d341a10580f3b7c0f44' -> (Import Result ID: 'cd76042a68f43c12c5fc241cc2dce666') in 0.002 seconds [static dependencies only]. Details - ImportResultOutputID=f0b0edc1f6845df24f32404ef2846fef DependenciesID=7997af0e60f66d034a0561c1cdc03da0 StaticDependenciesID=ff97963374970e5b41f05a9e62284a2d 
Importing 'GUID: 3c6c403084eacec478a1129ce20061ea - Path: Packages/com.unity.ugui/Editor Resources/Shaders/TMP_Properties.cginc' with importer (ShaderIncludeImporter)
Imported 'GUID: 3c6c403084eacec478a1129ce20061ea' -> (Import Result ID: '81b1365ade80524ba8c50f7e6ec814db') in 0.001 seconds [static dependencies only]. Details - ImportResultOutputID=75e4aafcd66ddfa4ba96feb8d8692d46 DependenciesID=b4b72d3b3ace47944b0bb555b7dc5f03 StaticDependenciesID=cafa208ba198ed32ac5f92f325b0b45b 
Importing 'GUID: 9c442dc870b456e48b615cd8add0e9ef - Path: Packages/com.unity.ugui/Editor Resources/Shaders/TMP_SDF Internal Editor.shader' with importer (ShaderImporter)
Launched and connected shader compiler UnityShaderCompiler.exe after 0.02 seconds
Imported 'GUID: 9c442dc870b456e48b615cd8add0e9ef' -> (Import Result ID: '61447257136a134c048ab16609e52b24') in 0.062 seconds [static and dynamic dependencies]. Details - ImportResultOutputID=217ae37ec1a2551cd23c1f2dfd06aa4a DependenciesID=8a2ebac69a7498270998200ddea5c9d3 StaticDependenciesID=44e1e3cc417c08023b5102c2d5784f16 
Importing 'GUID: d210bf608de468021bece85f47bf5397 - Path: Packages/com.unity.multiplayer.center/Editor/MultiplayerCenterWindow/Categories.asset' with importer (NativeFormatImporter)
Imported 'GUID: d210bf608de468021bece85f47bf5397' -> (Import Result ID: '6b5f2dc908f13afd4b1534900e871c64') in 0.007 seconds [static dependencies only]. Details - ImportResultOutputID=95a982f2afe745ea6f323407bfcf2062 DependenciesID=2b0de0d02249ae2eaded62977873bb30 StaticDependenciesID=725a29216b54184511d9b4c9f55e1fe9 
Importing 'GUID: e222fb736175dc724a4ff76c6b3ff7d6 - Path: Packages/com.unity.multiplayer.center/Editor/MultiplayerCenterWindow/PackagesRecommendations.asset' with importer (NativeFormatImporter)
Imported 'GUID: e222fb736175dc724a4ff76c6b3ff7d6' -> (Import Result ID: '173117f9a0630cde1f9ae6ec2e65cf46') in 0.005 seconds [static dependencies only]. Details - ImportResultOutputID=a18cee556f23f383252b09e8a71e0c64 DependenciesID=ed503565e6b54a0cb2261731d6d537d0 StaticDependenciesID=e4abb6d7d03b9b7b1d4ef726148c0edd 
Importing 'GUID: 4454599df2632f2aa822d0e029597e95 - Path: Packages/com.unity.multiplayer.center/Editor/MultiplayerCenterWindow/GameGenre.asset' with importer (NativeFormatImporter)
Imported 'GUID: 4454599df2632f2aa822d0e029597e95' -> (Import Result ID: 'a73cb3c8279125fff888ad1153afd5c7') in 0.003 seconds [static dependencies only]. Details - ImportResultOutputID=9e511ca55bf385657b42144f75724f41 DependenciesID=25461d9dff239539b170d56d2a43f613 StaticDependenciesID=4f9e31571baa0bb4acab7e116abecec3 
Importing 'GUID: 8a3f511c09935ad41b25c67a150b7fdb - Path: Packages/com.unity.multiplayer.center/Editor/MultiplayerCenterWindow/BuildingBlockList.asset' with importer (NativeFormatImporter)
Imported 'GUID: 8a3f511c09935ad41b25c67a150b7fdb' -> (Import Result ID: 'f342a2ea83ab303f9e7e7fabc17367ee') in 0.019 seconds [static dependencies only]. Details - ImportResultOutputID=fe5b1f67bf7d40006f45b9a1fac71b22 DependenciesID=2cd50ebf41671f2064cec4010e5f1a6b StaticDependenciesID=3d6ab590562078d0194a085dc3aa0ef0 
Importing 'GUID: caab9a664807a81cd92b1e1eb30cc0ba - Path: Packages/com.unity.multiplayer.center/Editor/MultiplayerCenterWindow/GettingStartedSamples.asset' with importer (NativeFormatImporter)
Imported 'GUID: caab9a664807a81cd92b1e1eb30cc0ba' -> (Import Result ID: '9e9befff4a341583f35fd0b9660014a2') in 0.004 seconds [static dependencies only]. Details - ImportResultOutputID=91ca9b085de492c9bb2d51cba1aabb0e DependenciesID=a1678cc2284ffbe7cac5889122a9884e StaticDependenciesID=319404a3e6a788ca579f9b09fe72391c 
Importing 'GUID: 30b312a167534621b316172253b08723 - Path: Packages/com.unity.modules.subsystems/package.json' with importer (PackageManifestImporter)
Imported 'GUID: 30b312a167534621b316172253b08723' -> (Import Result ID: '91cadbda1f4551ba4ae374b5d4ebbb95') in 0.001 seconds [static dependencies only]. Details - ImportResultOutputID=f12373219448441b0341099e7af5eb41 DependenciesID=c3a1a64a1ed707356763ac5780bfff54 StaticDependenciesID=b0c5384f3a63b37ff1cc33155b308e39 
Importing 'GUID: 40bf3cec17fa0b49fe04443c8332d638 - Path: Packages/com.unity.modules.jsonserialize/package.json' with importer (PackageManifestImporter)
Imported 'GUID: 40bf3cec17fa0b49fe04443c8332d638' -> (Import Result ID: '062926dc2f811d5fa649e1a6cf35b2be') in 0.001 seconds [static dependencies only]. Details - ImportResultOutputID=d715bb69eb97158ae78ee98bcdc249c8 DependenciesID=4e6f9b5b81636b56298af5228107b3cb StaticDependenciesID=0fc633a2d442bf1460b6d27ccd581959 
Importing 'GUID: 6022bdd5b2896a54f94123b812705321 - Path: Packages/com.unity.ide.visualstudio/CHANGELOG.md' with importer (TextScriptImporter)
Imported 'GUID: 6022bdd5b2896a54f94123b812705321' -> (Import Result ID: 'ef287330416445f6e6232585ee0948a3') in 0.002 seconds [static dependencies only]. Details - ImportResultOutputID=c0e58df697d8d3aed0a3958a0ae37c00 DependenciesID=5dae0207f906ef7c56008bf3abe2c0ab StaticDependenciesID=3bc5f93312d6c771c47ec3111a32a56e 
Importing 'GUID: 70554f6c9e4114e1084bb38f9ea400ce - Path: Packages/com.unity.multiplayer.center/LICENSE.md' with importer (TextScriptImporter)
Imported 'GUID: 70554f6c9e4114e1084bb38f9ea400ce' -> (Import Result ID: '60991c3ab3c49fdc664ca4dfae46556c') in 0.001 seconds [static dependencies only]. Details - ImportResultOutputID=ded4e9b2419ac8bfba58775085317662 DependenciesID=be587618482f084c628151bff8f682e3 StaticDependenciesID=47d65312a669a333c2ee2ae084490478 
Importing 'GUID: e0ae6629cc70b514889df37fccb76832 - Path: Packages/com.unity.ugui/README.md' with importer (TextScriptImporter)
Imported 'GUID: e0ae6629cc70b514889df37fccb76832' -> (Import Result ID: 'ff4c6f164c81db02abbfbd12834460b6') in 0.001 seconds [static dependencies only]. Details - ImportResultOutputID=9708c64e8b19c45326eb84a19a6a7c07 DependenciesID=ba75302d059da8d6d3d2fde9895d33e3 StaticDependenciesID=76a9e24c1d0e8e7ca8008f83a0018b4a 
Importing 'GUID: 319b8889f363f5947acf209c17a94149 - Path: Packages/com.unity.ugui/package.json' with importer (PackageManifestImporter)
Imported 'GUID: 319b8889f363f5947acf209c17a94149' -> (Import Result ID: '77ae52e5156d0d73d343ef254b314152') in 0.001 seconds [static dependencies only]. Details - ImportResultOutputID=f4e4edd5064a2f0de1703280dae20fa5 DependenciesID=9c070c7b04e7d2aef0d81b6e319d1069 StaticDependenciesID=b3d399341a006ae164ac2d8136e4e8ba 
Importing 'GUID: 8143d3a8390f2c64685e3bc272bd9e90 - Path: Packages/com.unity.ext.nunit/package.json' with importer (PackageManifestImporter)
Imported 'GUID: 8143d3a8390f2c64685e3bc272bd9e90' -> (Import Result ID: '348e755bcd88ed4be531481a0e37aaa3') in 0.001 seconds [static dependencies only]. Details - ImportResultOutputID=47b4f14681140d9bb1e09b9c9db18de3 DependenciesID=2695f3a8acff006aa04eff3e4dc77303 StaticDependenciesID=cf644d6770398a85ed11d59f3fc82bcf 
Importing 'GUID: 42fe78c8fe682715a2cb531422e6ccb3 - Path: Packages/com.unity.modules.imgui/package.json' with importer (PackageManifestImporter)
Imported 'GUID: 42fe78c8fe682715a2cb531422e6ccb3' -> (Import Result ID: '38d3bb719d37ec99f8a9f6c14d39c414') in 0.001 seconds [static dependencies only]. Details - ImportResultOutputID=a5346159d22bce0395fd3c3cfff1d1a1 DependenciesID=bb3e0f71c194a791f04bcb82e59b0e77 StaticDependenciesID=fcba81c59960cbb5fd08016f128ba1a0 
Importing 'GUID: 43674d438e19b89d7fe6af07234f3252 - Path: Packages/com.unity.modules.accessibility/package.json' with importer (PackageManifestImporter)
Imported 'GUID: 43674d438e19b89d7fe6af07234f3252' -> (Import Result ID: 'f8c87b4fbc6298e300bc3ef00722b65a') in 0.001 seconds [static dependencies only]. Details - ImportResultOutputID=09acbb368a6bac60c9ab3566ee7106ae DependenciesID=921d601850da1ec9b05f1f468436ab0e StaticDependenciesID=c19d0189e83c9cd3e5aa4d1c325afb07 
Importing 'GUID: 939b89fc6b924ea2e821fc1be1b09f56 - Path: Packages/com.unity.modules.tetgen/package.json' with importer (PackageManifestImporter)
Imported 'GUID: 939b89fc6b924ea2e821fc1be1b09f56' -> (Import Result ID: '11768157ac485b2639961b8822c46966') in 0.001 seconds [static dependencies only]. Details - ImportResultOutputID=29fa5e06454fd7d4a3de4ebaad1b9fb3 DependenciesID=c1b4948256745152fc2049e828600095 StaticDependenciesID=85fe6b83da180efd3b8a71f4f73ea1d2 
Importing 'GUID: a3f71b076c36a204a864f8c44142b3a9 - Path: Packages/com.unity.ide.visualstudio/ValidationConfig.json' with importer (TextScriptImporter)
Imported 'GUID: a3f71b076c36a204a864f8c44142b3a9' -> (Import Result ID: '6bc194c0e5cf2c0ea377129ee0200221') in 0.001 seconds [static dependencies only]. Details - ImportResultOutputID=cff9390ab0252068bea3e095f4d8ef8d DependenciesID=9d8b025ffb710ac31101c22b75c904b3 StaticDependenciesID=cb892ee866859957be28e6dcd81741fb 
Importing 'GUID: c359bcaf4a0bc4040aac650bf14ec619 - Path: Packages/com.unity.multiplayer.center/README.md' with importer (TextScriptImporter)
Imported 'GUID: c359bcaf4a0bc4040aac650bf14ec619' -> (Import Result ID: 'a0aa86928b67fcfa1cce09564c08e735') in 0.001 seconds [static dependencies only]. Details - ImportResultOutputID=4299c9e8923d237765035bbb987544ae DependenciesID=4318dbf710493082bfa7b5c848d1ccf1 StaticDependenciesID=59c76040cc814dcf9de202fc039a453d 
Importing 'GUID: 2479a4656ed89570ebd1de1fdda3dae5 - Path: Packages/com.unity.modules.timelinefoundation/package.json' with importer (PackageManifestImporter)
Imported 'GUID: 2479a4656ed89570ebd1de1fdda3dae5' -> (Import Result ID: '0302208327ef60b38a6c6ef73efb8e67') in 0.001 seconds [static dependencies only]. Details - ImportResultOutputID=46a2b4bb43d4824a41d6c5129c0be0e9 DependenciesID=da2ed76247ab9d845fc0bddff5663209 StaticDependenciesID=89e750f67239ef258d2e24cbb0e9b393 
Importing 'GUID: f49bbe06ffa5ae24abe32abdab430c24 - Path: Packages/com.unity.ext.nunit/CHANGELOG.md' with importer (TextScriptImporter)
Imported 'GUID: f49bbe06ffa5ae24abe32abdab430c24' -> (Import Result ID: 'cd4dff66c699a226bf55f5e7c0a1f4b0') in 0.001 seconds [static dependencies only]. Details - ImportResultOutputID=01168eb68a0f3be6f532fd87433b1d0d DependenciesID=410372227720ae096651114bf4c0a19e StaticDependenciesID=afa1787e8d8c28cb672470fcab17a9b6 
Importing 'GUID: 05f5bfd584002f948982a1498890f9a9 - Path: Packages/com.unity.ugui/PackageConversionData.json' with importer (TextScriptImporter)
Imported 'GUID: 05f5bfd584002f948982a1498890f9a9' -> (Import Result ID: '9d6044e8c23af260ec056506e9467f43') in 0.001 seconds [static dependencies only]. Details - ImportResultOutputID=514ad8f63f1072d3b0a1e5a4464c8dfb DependenciesID=251e78c6e028cc4939d4363f316ac59f StaticDependenciesID=431e48ef2b7284a5ae6beeae3a9f4dab 
Importing 'GUID: 5598b14661b5f4c43bed757f34b6d172 - Path: Packages/com.unity.ide.rider/LICENSE.md' with importer (TextScriptImporter)
Imported 'GUID: 5598b14661b5f4c43bed757f34b6d172' -> (Import Result ID: 'edf5f386fa5935ba76146f2e667a75ce') in 0.001 seconds [static dependencies only]. Details - ImportResultOutputID=327a019b016b061199b139089c9f7588 DependenciesID=26e7eae126c0167609ad958f04cf5999 StaticDependenciesID=9b3fb3b79c2968dbd1c57f75c7eec358 
Importing 'GUID: 656f74f6edaa396458412b9e3903d8cd - Path: Packages/com.unity.ide.visualstudio/package.json' with importer (PackageManifestImporter)
Imported 'GUID: 656f74f6edaa396458412b9e3903d8cd' -> (Import Result ID: '026fbff18d6d8ccd2105aaf4207fab86') in 0.001 seconds [static dependencies only]. Details - ImportResultOutputID=c6c234ec4788ad4daafb8100490de712 DependenciesID=e856ee9d89f09216e15ef763c814698e StaticDependenciesID=d58099b9ef64c5201453a22746692171 
Importing 'GUID: 953fab16d15d5885b3600fcd6388b2ad - Path: Packages/com.unity.modules.imageconversion/package.json' with importer (PackageManifestImporter)
Imported 'GUID: 953fab16d15d5885b3600fcd6388b2ad' -> (Import Result ID: 'f429bdfb79f913ce8c501a82d8358497') in 0.001 seconds [static dependencies only]. Details - ImportResultOutputID=0e4995c3f3dd5769464d8a543795eb59 DependenciesID=65c452b17df9a2ed2f86b3ad31f5fd59 StaticDependenciesID=3a87574dc1bf2139ab2e833c570d41ac 
Importing 'GUID: b5930dbc378b45d406aeb881f06b6dfa - Path: Packages/com.unity.modules.physicscore2d/package.json' with importer (PackageManifestImporter)
Imported 'GUID: b5930dbc378b45d406aeb881f06b6dfa' -> (Import Result ID: '2a94add01761f8fc65c922a501319370') in 0.001 seconds [static dependencies only]. Details - ImportResultOutputID=af44914a33c884dc4608f0447aad1ab8 DependenciesID=bbce0d58c26795613a52965175925ea9 StaticDependenciesID=920f07d595124003c9dbccbb35574a76 
Importing 'GUID: 66c95bb3c74257f41bae2622511dc02d - Path: Packages/com.unity.ide.rider/package.json' with importer (PackageManifestImporter)
Imported 'GUID: 66c95bb3c74257f41bae2622511dc02d' -> (Import Result ID: 'cf46973655825456fc58d6a8744f7ce6') in 0.001 seconds [static dependencies only]. Details - ImportResultOutputID=7a4e3ba014e05cbb8603bf63ed556606 DependenciesID=156e98a3073207c06121b2ddde8380a4 StaticDependenciesID=d4aedf0d7f922b4bfd3c8a6129f31efc 
Importing 'GUID: 8645aa9c3c74fb34ba9499e14fb332b5 - Path: Packages/com.unity.ide.rider/CHANGELOG.md' with importer (TextScriptImporter)
Imported 'GUID: 8645aa9c3c74fb34ba9499e14fb332b5' -> (Import Result ID: '30867d553daa657b29393f4c0a22e3e1') in 0.001 seconds [static dependencies only]. Details - ImportResultOutputID=3a72289af2e362f8cd45c96c6e132486 DependenciesID=547ad3a46d814ff2d09bbb84ce0ab4df StaticDependenciesID=ce78d77fa2a04bb1030de68e5cb6e80a 
Importing 'GUID: b6029123aa4ab4e0481a4b3ad8a15af9 - Path: Packages/com.unity.ide.rider/ValidationExceptions.json' with importer (TextScriptImporter)
Imported 'GUID: b6029123aa4ab4e0481a4b3ad8a15af9' -> (Import Result ID: 'bae1c1b0434e288081f0fd8719c30c3d') in 0.001 seconds [static dependencies only]. Details - ImportResultOutputID=6f52e86b1f5116132a8a30131b940fa4 DependenciesID=6a83c3389cff2b6a1a377c08c7d8e8ac StaticDependenciesID=699685fe34e51757b946cd0401fbce0a 
Importing 'GUID: d691174143fd3774ba63d7c493633b99 - Path: Packages/com.unity.test-framework/CHANGELOG.md' with importer (TextScriptImporter)
Imported 'GUID: d691174143fd3774ba63d7c493633b99' -> (Import Result ID: 'c3fca394a9cc09d5d88d3d5a76ec5eb4') in 0.001 seconds [static dependencies only]. Details - ImportResultOutputID=574d6ecf949752cdaa9f864cbd026df1 DependenciesID=3ebce2b7a7e20f8a29d788af81daa402 StaticDependenciesID=3db3ee678f4ead70f7573c01750b7294 
Importing 'GUID: d6a2e6e4803de7b43baacdc355fc144d - Path: Packages/com.unity.test-framework/package.json' with importer (PackageManifestImporter)
Imported 'GUID: d6a2e6e4803de7b43baacdc355fc144d' -> (Import Result ID: '4b899eafef6618b34266f7fa52222bf0') in 0.001 seconds [static dependencies only]. Details - ImportResultOutputID=8016505d6f82683b7a680276e2efcb9a DependenciesID=0ec88bb72c4f9ee5507e3a35aa7adfc4 StaticDependenciesID=40dee2580fdace20e4fd62895bc53e8f 
Importing 'GUID: f7a8357347c80dc69c08d0b1a05e2122 - Path: Packages/com.unity.modules.physics2d/package.json' with importer (PackageManifestImporter)
Imported 'GUID: f7a8357347c80dc69c08d0b1a05e2122' -> (Import Result ID: '8e18bbb66b2b3d8f7842ee3a260e5e45') in 0.001 seconds [static dependencies only]. Details - ImportResultOutputID=ffdd5cf71990097dc8e67f888e336b27 DependenciesID=68187d32eb6aebb86cb290844636b6d9 StaticDependenciesID=f56b4961831f9b23bfaa0e5ff6985f7e 
Importing 'GUID: 78e5667e52329c3ceef41288763404ae - Path: Packages/com.unity.modules.vectorgraphics/package.json' with importer (PackageManifestImporter)
Imported 'GUID: 78e5667e52329c3ceef41288763404ae' -> (Import Result ID: '09f01d89e95ac1113032cda9f5947657') in 0.001 seconds [static dependencies only]. Details - ImportResultOutputID=ef5e6b3fee8048647d8f25b6cde53588 DependenciesID=cc5ecf416d7daecaadaacc0456f35c38 StaticDependenciesID=084b183a4b093193949ce92dec6e1dc4 
Importing 'GUID: 7809f42f64c877f4b90ac233e5ec2372 - Path: Packages/com.unity.ide.visualstudio/ThirdPartyNotices.md' with importer (TextScriptImporter)
Imported 'GUID: 7809f42f64c877f4b90ac233e5ec2372' -> (Import Result ID: 'a28aa1402ac8e637190ddf8440cc5e87') in 0.001 seconds [static dependencies only]. Details - ImportResultOutputID=f154d8c91844fe25266ca0011028e787 DependenciesID=5c2ffb1af8d1a639e99b218df7f42831 StaticDependenciesID=43742991ad5fb88fc39b2047e4b47ea1 
Importing 'GUID: 788fbcfc0abc6c54b9504cfee3176c22 - Path: Packages/com.unity.ide.visualstudio/ValidationExceptions.json' with importer (TextScriptImporter)
Imported 'GUID: 788fbcfc0abc6c54b9504cfee3176c22' -> (Import Result ID: '81135997c364631328a054147938fac8') in 0.001 seconds [static dependencies only]. Details - ImportResultOutputID=99c9b320b2a231cc13cad939eaabe428 DependenciesID=6dad5110de8a6794f881a3e6a17a8b63 StaticDependenciesID=9764ead717ca00dc09d6f901b9296d05 
Importing 'GUID: c851bee4305bddf438cc6ffc515991ce - Path: Packages/com.unity.ugui/CHANGELOG.md' with importer (TextScriptImporter)
Imported 'GUID: c851bee4305bddf438cc6ffc515991ce' -> (Import Result ID: 'b0f4910143214d7dc89992691656f7a5') in 0.001 seconds [static dependencies only]. Details - ImportResultOutputID=a7c7b2990cc4ec1ab5d0e510fec64719 DependenciesID=6577a9e085043ea893c67011f976265e StaticDependenciesID=f3cfee9ea1a7bf6d47f50b6a42604bf6 
Importing 'GUID: c8f6fa942856442b8bd72594d3ce7363 - Path: Packages/com.unity.multiplayer.center/Third Party Notices.md' with importer (TextScriptImporter)
Imported 'GUID: c8f6fa942856442b8bd72594d3ce7363' -> (Import Result ID: 'daa1d59a0994113c1c9fe48d6ed17217') in 0.001 seconds [static dependencies only]. Details - ImportResultOutputID=65c2035eb4bb0e8db3f8f805549344a7 DependenciesID=fc9821cf46f6511057f7d0b0b1ef79d7 StaticDependenciesID=d410016650112776b1402c0093ad9e72 
Importing 'GUID: e9df95f53f1c1d0c9199e235d6c42b50 - Path: Packages/com.unity.modules.audio/package.json' with importer (PackageManifestImporter)
Imported 'GUID: e9df95f53f1c1d0c9199e235d6c42b50' -> (Import Result ID: '3da0abae5321bad105734fca4c4bca28') in 0.001 seconds [static dependencies only]. Details - ImportResultOutputID=9e7a8ca17c9ada176ee8f9feaacb145a DependenciesID=b61383e346dbc8a029c6c7d93da0c63e StaticDependenciesID=a6ba264de710eb848c1def723963e3cc 
Importing 'GUID: f91a00d2dca52b843b2d50ccf750737d - Path: Packages/com.unity.ext.nunit/LICENSE.md' with importer (TextScriptImporter)
Imported 'GUID: f91a00d2dca52b843b2d50ccf750737d' -> (Import Result ID: '4a79da6677dd67cc5d5f747357bc40de') in 0.001 seconds [static dependencies only]. Details - ImportResultOutputID=d854dc97e3ddfb1399f46d637df03eb9 DependenciesID=4a66b8c1e54c8eb3ce2459fec3d8a4ef StaticDependenciesID=4e9ac9040dec2c3da17f383824ffe8cc 
Importing 'GUID: 1a4266815e998967becf686f9c71f0a6 - Path: Packages/com.unity.modules.physics/package.json' with importer (PackageManifestImporter)
Imported 'GUID: 1a4266815e998967becf686f9c71f0a6' -> (Import Result ID: '7b29e9278b7ae7ab0bcead621cf46af3') in 0.001 seconds [static dependencies only]. Details - ImportResultOutputID=a2d6f3bfd9bb75782461acb9a5eb4f5a DependenciesID=bd4510c5c9c050edfefb2c84c95abf90 StaticDependenciesID=ff880c4980be6e10637516ee80719398 
Importing 'GUID: 3bbd27b3dd7be4a74aeab8da6b0af5cc - Path: Packages/com.unity.multiplayer.center/CHANGELOG.md' with importer (TextScriptImporter)
Imported 'GUID: 3bbd27b3dd7be4a74aeab8da6b0af5cc' -> (Import Result ID: '9781eaaaafda2aa711816d1c1dea7bbc') in 0.001 seconds [static dependencies only]. Details - ImportResultOutputID=bba991828f6a7f332a8ca3176054e071 DependenciesID=b9f8246dd3c5dcbcc8b0062956d0669d StaticDependenciesID=6324b3fd598ffc749567f2ca049cf8e2 
Importing 'GUID: 9b1a5759726ef9d39a0ab82047b615f1 - Path: Packages/com.unity.modules.hierarchycore/package.json' with importer (PackageManifestImporter)
Imported 'GUID: 9b1a5759726ef9d39a0ab82047b615f1' -> (Import Result ID: 'e2f2a4dc1806eafb567812fa13071323') in 0.001 seconds [static dependencies only]. Details - ImportResultOutputID=1dea4a637fffff459a716aab2b4544dc DependenciesID=d8bebc9a9b7a84bd405ce0fcce71b5c8 StaticDependenciesID=882b96a1432b49929b6e23cde2929d1c 
Importing 'GUID: 4c413a81cadcce7038e446e56570117e - Path: Packages/com.unity.modules.adaptiveperformance/package.json' with importer (PackageManifestImporter)
Imported 'GUID: 4c413a81cadcce7038e446e56570117e' -> (Import Result ID: '6bc9096e03b526a234bd93df8e40474d') in 0.001 seconds [static dependencies only]. Details - ImportResultOutputID=1f07c1ff1eeefc2532264b0ab169267a DependenciesID=2824091591b7cc56042c6ee0b731bf44 StaticDependenciesID=1a42c6fc11b3b4a5a41df228177a979d 
Importing 'GUID: 4d3d51749e989f747b2674e0b4d9b3d7 - Path: Packages/com.unity.ugui/LICENSE.md' with importer (TextScriptImporter)
Imported 'GUID: 4d3d51749e989f747b2674e0b4d9b3d7' -> (Import Result ID: 'b6cf6630aa0fe2d51da6c53e19985b7b') in 0.001 seconds [static dependencies only]. Details - ImportResultOutputID=c071a1e51437c55e108d087fc4bbb5cb DependenciesID=d6851ec9d112dd7adc80cd106fb91d8d StaticDependenciesID=a109e2cc911b59b49ef8492626e8c2f6 
Importing 'GUID: 5da62a0c1c5218c4aa16b74546a7822d - Path: Packages/com.unity.ext.nunit/README.md' with importer (TextScriptImporter)
Imported 'GUID: 5da62a0c1c5218c4aa16b74546a7822d' -> (Import Result ID: '592d9dd6a64470a9f8e825fd6229006b') in 0.001 seconds [static dependencies only]. Details - ImportResultOutputID=c8657eaa0cd2cb7909b75292d5c2cac7 DependenciesID=a0989442b53f21c8891136d7e7395d08 StaticDependenciesID=2412cf4b705c843d874bb0f8c90adae9 
Importing 'GUID: cd78ce5b75b8be84d8b94cd99903161f - Path: Packages/com.unity.ide.visualstudio/CONTRIBUTING.md' with importer (TextScriptImporter)
Imported 'GUID: cd78ce5b75b8be84d8b94cd99903161f' -> (Import Result ID: '90ce997c7b0b9a72c1a4bbc8359255a1') in 0.001 seconds [static dependencies only]. Details - ImportResultOutputID=2e903f86b6274379e888bf8205a28a62 DependenciesID=70fad9e9c5fb93c90ae3bc1cfaf55621 StaticDependenciesID=83a52b79b18beab5b489fe9907122b65 
Importing 'GUID: 0e0afa652c0031c48896a97b424d027b - Path: Packages/com.unity.ugui/PackageConversionData_Assets.json' with importer (TextScriptImporter)
Imported 'GUID: 0e0afa652c0031c48896a97b424d027b' -> (Import Result ID: '9ba8860fdb7523d0121a589b80e1db09') in 0.001 seconds [static dependencies only]. Details - ImportResultOutputID=a8d1ec1a9aa70f2cb19b25741c2097d7 DependenciesID=b333c7e405e4deea9b63f8885c5d5c1f StaticDependenciesID=042f13c75eea42e7d5f0e98495fa9094 
Importing 'GUID: 3ec7596410385054a9e0bc90377fbe63 - Path: Packages/com.unity.test-framework/LICENSE.md' with importer (TextScriptImporter)
Imported 'GUID: 3ec7596410385054a9e0bc90377fbe63' -> (Import Result ID: '3a1c9d30bdeada97253cfb6695045bc3') in 0.001 seconds [static dependencies only]. Details - ImportResultOutputID=bba2943017dac050fc7c7408db0545e8 DependenciesID=2a5c50339c505478545b9a6b332308d4 StaticDependenciesID=979fcfe7b19f9d33c0758a6b2a5be9b4 
Importing 'GUID: 5e83f8baac96eaa47bdd9ca781cd2002 - Path: Packages/com.unity.ide.rider/CONTRIBUTING.md' with importer (TextScriptImporter)
Imported 'GUID: 5e83f8baac96eaa47bdd9ca781cd2002' -> (Import Result ID: 'df0cebd9447d1612751bd7af1f3a21de') in 0.001 seconds [static dependencies only]. Details - ImportResultOutputID=299398a35b0d6ab073c07e25e1931264 DependenciesID=4420fbc427b51d1f4f4759a393a225ad StaticDependenciesID=dbd5140748e3c8e099a6a3e5d2e4ab08 
Importing 'GUID: 7ef8348b8ea834d7e1bc214b07f7fb87 - Path: Packages/com.unity.modules.animation/package.json' with importer (PackageManifestImporter)
Imported 'GUID: 7ef8348b8ea834d7e1bc214b07f7fb87' -> (Import Result ID: '82e086625e3caaa7556c47741779fbbd') in 0.001 seconds [static dependencies only]. Details - ImportResultOutputID=b91668c34ad33289ab3788464c3773fc DependenciesID=0065dbae8c760ef394d86b185f8b83a2 StaticDependenciesID=a1cddf4511130d831d577e406d2312e6 
Importing 'GUID: 1fe9e6e1ae93cf64bbdfbd29300752e1 - Path: Packages/com.unity.ide.visualstudio/LICENSE.md' with importer (TextScriptImporter)
Imported 'GUID: 1fe9e6e1ae93cf64bbdfbd29300752e1' -> (Import Result ID: '3810f04e5a6dea9d7192322c518317fc') in 0.001 seconds [static dependencies only]. Details - ImportResultOutputID=59b2bdb7a2a944bdd850427bde77d577 DependenciesID=63009f1a6fb1b534e5b44aa1d21f03d3 StaticDependenciesID=cfdc7fb9a1450b6ca3a201af1edec05b 
Importing 'GUID: 3fdd83b151eb8d25c5e2f82fc39dcb04 - Path: Packages/com.unity.modules.unitywebrequest/package.json' with importer (PackageManifestImporter)
Imported 'GUID: 3fdd83b151eb8d25c5e2f82fc39dcb04' -> (Import Result ID: '92635879e69b098a24aed6b11124d6af') in 0.001 seconds [static dependencies only]. Details - ImportResultOutputID=c3fdc439e8f1f75cc7a0e86c4c6ba96d DependenciesID=af541476494a73d8e0e3c25128f3ed67 StaticDependenciesID=7d8ffda6dfec0ff398f84144af32c448 
Importing 'GUID: 4f0f9b9f3ed97ad2b9ba8f1a8e4666c2 - Path: Packages/com.unity.modules.uielements/package.json' with importer (PackageManifestImporter)
Imported 'GUID: 4f0f9b9f3ed97ad2b9ba8f1a8e4666c2' -> (Import Result ID: '184794dd62116f07f31b8718f7db4388') in 0.001 seconds [static dependencies only]. Details - ImportResultOutputID=c6edeb5d9bc578ffca7fbf049f13618e DependenciesID=55e8d1ec6ce87a14c2bd6ab2efec80b4 StaticDependenciesID=6a093705c82ba59492894df208618d92 
Importing 'GUID: bfd567a3d1631a761bca9e99fa53d86d - Path: Packages/com.unity.modules.ui/package.json' with importer (PackageManifestImporter)
Imported 'GUID: bfd567a3d1631a761bca9e99fa53d86d' -> (Import Result ID: '4dd710bbce123bc757f4a8a01bdf269a') in 0.001 seconds [static dependencies only]. Details - ImportResultOutputID=2c146ae310e14069b7968d16cdff2b0b DependenciesID=b1c5e489db4e32517744613cffb974f4 StaticDependenciesID=9d4c7cf74df7148af2e86e5b6924c57c 
Importing 'GUID: bfcb3ba499f7d452b92d9a9cc3378788 - Path: Packages/com.unity.ext.nunit/Third Party Notices.md' with importer (TextScriptImporter)
Imported 'GUID: bfcb3ba499f7d452b92d9a9cc3378788' -> (Import Result ID: 'e6cfe1d808178a6dfdb4b89ccfc62c2a') in 0.001 seconds [static dependencies only]. Details - ImportResultOutputID=13e034fa650cd897dd3935828cea6abc DependenciesID=75baafcacaf8f610432359dceece7d61 StaticDependenciesID=c41ef689649a42705725ae0c14ba6db5 
Importing 'GUID: df0857f6a11054383be91b1f8e1b5800 - Path: Packages/com.unity.multiplayer.center/package.json' with importer (PackageManifestImporter)
Imported 'GUID: df0857f6a11054383be91b1f8e1b5800' -> (Import Result ID: '02cb872b2b5b5a5d0158a9a5925ba322') in 0.001 seconds [static dependencies only]. Details - ImportResultOutputID=bf17cb3d4f3a05ce72d43fc1a17b75c1 DependenciesID=2c5ee50cedf0f516e575033b52026ec4 StaticDependenciesID=27fac7f3a8dd9578c6ee303fe2ea6245 
Importing 'GUID: f1ac2efb1bcd4dfd95dc196ed3c11367 - Path: Packages/com.unity.multiplayer.center/Editor/MultiplayerCenterWindow/UI/light.uss' with importer (ScriptedImporter : UnityEditor.CoreModule:UnityEditor.UIElements.StyleSheets:StyleSheetImporter)
Imported 'GUID: f1ac2efb1bcd4dfd95dc196ed3c11367' -> (Import Result ID: '3b9ed2e92cb1cb891fcf064aa99b2442') in 0.132 seconds [static and dynamic dependencies]. Details - ImportResultOutputID=59bc4146908420a0e22ac0bf71d18962 DependenciesID=f238f56f97ecce9c801c08bd74066ffe StaticDependenciesID=eb1bbb5513fee76ee3139bf45c2d2c73 
Importing 'GUID: e3ff025771d34d4edb265538b05ebcb6 - Path: Packages/com.unity.multiplayer.center/Editor/MultiplayerCenterWindow/UI/GettingStartedSamples.uss' with importer (ScriptedImporter : UnityEditor.CoreModule:UnityEditor.UIElements.StyleSheets:StyleSheetImporter)
Imported 'GUID: e3ff025771d34d4edb265538b05ebcb6' -> (Import Result ID: 'db21f78653d951012016217856151b15') in 0.017 seconds [static and dynamic dependencies]. Details - ImportResultOutputID=5b8bb43d3c58b4e677bb32a58388ccfc DependenciesID=0b1004d471072bde6742b87c37c9deeb StaticDependenciesID=faf97d66eb0a37a74ef183d9eb51ba95 
Importing 'GUID: 47ad576eb7d74fd3a7d77f47acc4e79c - Path: Packages/com.unity.multiplayer.center/Editor/MultiplayerCenterWindow/UI/PlaceHolder.uss' with importer (ScriptedImporter : UnityEditor.CoreModule:UnityEditor.UIElements.StyleSheets:StyleSheetImporter)
Imported 'GUID: 47ad576eb7d74fd3a7d77f47acc4e79c' -> (Import Result ID: '989293870e01f9ef07de42a5afd988e3') in 0.015 seconds [static and dynamic dependencies]. Details - ImportResultOutputID=e96f19a148ebdec63a0b8c2612987fb8 DependenciesID=4fc88ea16db92a9b005f6c41e72e4e67 StaticDependenciesID=62db246fe46e3e221a9081b1fab4c684 
Importing 'GUID: d7b952ba582c434d9eb0f94a617290b1 - Path: Packages/com.unity.multiplayer.center/Editor/MultiplayerCenterWindow/UI/Recommendations.uss' with importer (ScriptedImporter : UnityEditor.CoreModule:UnityEditor.UIElements.StyleSheets:StyleSheetImporter)
Imported 'GUID: d7b952ba582c434d9eb0f94a617290b1' -> (Import Result ID: '1f4e62178c3e4541344d5dd42c8faf2f') in 0.005 seconds [static and dynamic dependencies]. Details - ImportResultOutputID=c8f16a5a24bb0aa43547d4a20a2de6e1 DependenciesID=409839dd25fa09bed6d8822980543f03 StaticDependenciesID=c6e42f0db8365c1f071071c47580f662 
Importing 'GUID: 588de2e11d0f4913bbf8d538c38d020f - Path: Packages/com.unity.multiplayer.center/Editor/MultiplayerCenterWindow/UI/MultiplayerCenterWindow.uss' with importer (ScriptedImporter : UnityEditor.CoreModule:UnityEditor.UIElements.StyleSheets:StyleSheetImporter)
Imported 'GUID: 588de2e11d0f4913bbf8d538c38d020f' -> (Import Result ID: 'dad85ada3ce2c9b42b0c3faf52dd7327') in 0.006 seconds [static and dynamic dependencies]. Details - ImportResultOutputID=302fdaf6ec66d2a54a4420c5bffb79a5 DependenciesID=c33398346427805f1aa6b0bb1b3ed814 StaticDependenciesID=441f03a992eadfa77c6208cfdceef085 
Importing 'GUID: 1984cd07fe96417f9e88f5771f6b4b32 - Path: Packages/com.unity.multiplayer.center/Editor/MultiplayerCenterWindow/UI/dark.uss' with importer (ScriptedImporter : UnityEditor.CoreModule:UnityEditor.UIElements.StyleSheets:StyleSheetImporter)
Imported 'GUID: 1984cd07fe96417f9e88f5771f6b4b32' -> (Import Result ID: '2a598a9d982601933519544ef6503d93') in 0.007 seconds [static and dynamic dependencies]. Details - ImportResultOutputID=1f858c30d1f9c3148778bfab2eace40c DependenciesID=e88f5a2d177c0f9f5e24a391d42253ae StaticDependenciesID=0141de0bd42f5f08c6e55fdd3b89e82a 
Importing 'GUID: c9e2efc56fdf45a8bbf2841612e452ce - Path: Packages/com.unity.multiplayer.center/Editor/MultiplayerCenterWindow/UI/QuestionDescription.uss' with importer (ScriptedImporter : UnityEditor.CoreModule:UnityEditor.UIElements.StyleSheets:StyleSheetImporter)
Imported 'GUID: c9e2efc56fdf45a8bbf2841612e452ce' -> (Import Result ID: '4741b36773cd757816a1d7c4b11c466e') in 0.018 seconds [static and dynamic dependencies]. Details - ImportResultOutputID=8f085b148254f65a643ec22066479b35 DependenciesID=0886fe2ecb6a936b0580046d4d47276e StaticDependenciesID=d4c73f6faf1e5077a4232d07d7acfe78 
Importing 'GUID: bac00d6e07f0b4305bb395363c89d92b - Path: Packages/com.unity.multiplayer.center/Editor/MultiplayerCenterWindow/UI/DeprecatedMultiplayerCenterWindow.uss' with importer (ScriptedImporter : UnityEditor.CoreModule:UnityEditor.UIElements.StyleSheets:StyleSheetImporter)
Imported 'GUID: bac00d6e07f0b4305bb395363c89d92b' -> (Import Result ID: '684186df5ea1ba851df0dc2ee66e8982') in 0.049 seconds [static and dynamic dependencies]. Details - ImportResultOutputID=7124fd0a951b9c783b6cf097d47e5846 DependenciesID=f76fc29c4da50bf2abd3bf9f359ab412 StaticDependenciesID=ff49885e92ac381260819006d68251ac 
Importing 'GUID: ce242d2ce4fc4d5fb2276869d1fa1fa7 - Path: Packages/com.unity.multiplayer.center/Editor/MultiplayerCenterWindow/UI/Community.uss' with importer (ScriptedImporter : UnityEditor.CoreModule:UnityEditor.UIElements.StyleSheets:StyleSheetImporter)
Imported 'GUID: ce242d2ce4fc4d5fb2276869d1fa1fa7' -> (Import Result ID: 'a6663e8a0075da7c42c38314ae15f3c2') in 0.003 seconds [static and dynamic dependencies]. Details - ImportResultOutputID=a67587f20569692b6aefb41a37ad17fb DependenciesID=39766a1e4d23a415dbb39ae0849c57b7 StaticDependenciesID=b2f10f4f457fbbfd15ed18208592fcc8 
Importing 'GUID: eef2722d11da0cb4dbc1b337005bb84a - Path: Packages/com.unity.multiplayer.center/Editor/MultiplayerCenterWindow/UI/BuildingBlock.uss' with importer (ScriptedImporter : UnityEditor.CoreModule:UnityEditor.UIElements.StyleSheets:StyleSheetImporter)
Imported 'GUID: eef2722d11da0cb4dbc1b337005bb84a' -> (Import Result ID: '7c65e8973982a9d83ccfc9d6a7d05bbd') in 0.010 seconds [static and dynamic dependencies]. Details - ImportResultOutputID=27eeebaa28eceef22e3ee657de8f1a87 DependenciesID=c576c17ccdc2395259a90dc5aa222864 StaticDependenciesID=b1fd83406afa55383098b906cc3833bc 
Importing 'GUID: 2f1d5cde0e95bf04ea03dd1d0e7c3e2b - Path: Packages/com.unity.multiplayer.center/Editor/MultiplayerCenterWindow/UI/Templates/HeaderStyle.uss' with importer (ScriptedImporter : UnityEditor.CoreModule:UnityEditor.UIElements.StyleSheets:StyleSheetImporter)
Imported 'GUID: 2f1d5cde0e95bf04ea03dd1d0e7c3e2b' -> (Import Result ID: '6a1a2de6976c4c70c1357e4041cb9e10') in 0.005 seconds [static and dynamic dependencies]. Details - ImportResultOutputID=b14ffd719231baaaa6246df26926212b DependenciesID=b8b3ecbbe475d481e7dadd5664a403c3 StaticDependenciesID=fe9f60a06059266772f08a434474e8c6 
Importing 'GUID: 1a012efc688a59b4da396437b51c7522 - Path: Packages/com.unity.multiplayer.center/Editor/MultiplayerCenterWindow/UI/SimpleHyperLink.uxml' with importer (ScriptedImporter : UnityEditor.UIElementsModule:UnityEditor.UIElements:UIElementsViewImporter)
Imported 'GUID: 1a012efc688a59b4da396437b51c7522' -> (Import Result ID: 'd400a3cbc77f19d0125a2380d6b7ca63') in 0.059 seconds [static and dynamic dependencies]. Details - ImportResultOutputID=6a063125709019800c4c34ace37d954a DependenciesID=8ccb2ddb98cf1c1417ed6aa4c71cafe1 StaticDependenciesID=7c84cdfe46d59be29559655a1c0e3358 
Importing 'GUID: 009b4d8b084b400cbb368036be7c557d - Path: Packages/com.unity.multiplayer.center/Editor/MultiplayerCenterWindow/UI/Community.uxml' with importer (ScriptedImporter : UnityEditor.UIElementsModule:UnityEditor.UIElements:UIElementsViewImporter)
Imported 'GUID: 009b4d8b084b400cbb368036be7c557d' -> (Import Result ID: '8e86051cc58b1e22a05a32fd00ee3081') in 0.089 seconds [static and dynamic dependencies]. Details - ImportResultOutputID=9b3d55d8718cb5deb81ac10fc9edeaef DependenciesID=d97c11fad3d0a11496ebceafa1742735 StaticDependenciesID=b7c96c37b1510e689d9daac4fdf83d2f 
Importing 'GUID: 608d7cd3b6dc19c2e9adf5bb6143cde6 - Path: Packages/com.unity.multiplayer.center/Editor/MultiplayerCenterWindow/UI/ListViewElement.uxml' with importer (ScriptedImporter : UnityEditor.UIElementsModule:UnityEditor.UIElements:UIElementsViewImporter)
Imported 'GUID: 608d7cd3b6dc19c2e9adf5bb6143cde6' -> (Import Result ID: '75c4419df3cb9044f72c7f06e4810308') in 0.004 seconds [static and dynamic dependencies]. Details - ImportResultOutputID=efae67c39f4a484e0f4d14a54f07e2a0 DependenciesID=9bef9379ae53152dc000bc04da663908 StaticDependenciesID=2446dc7f54d1fc68f279a24592979a3d 
Importing 'GUID: b395c87b577f47742b7de4a3dc05a105 - Path: Packages/com.unity.multiplayer.center/Editor/MultiplayerCenterWindow/UI/BuildingBlockTemplate.uxml' with importer (ScriptedImporter : UnityEditor.UIElementsModule:UnityEditor.UIElements:UIElementsViewImporter)
Imported 'GUID: b395c87b577f47742b7de4a3dc05a105' -> (Import Result ID: '74c056b8359c358c284ed7a3f31cfd61') in 0.013 seconds [static and dynamic dependencies]. Details - ImportResultOutputID=185c177127d78864b62c4f27fdbef5a1 DependenciesID=d1b2e1a1a231fa39499a9a6251860ef1 StaticDependenciesID=68fee3e6bf8d090529c2a66adc669adf 
Importing 'GUID: 944af6732f6e40a48ef18c1011847230 - Path: Packages/com.unity.multiplayer.center/Editor/MultiplayerCenterWindow/UI/QuestionDescription.uxml' with importer (ScriptedImporter : UnityEditor.UIElementsModule:UnityEditor.UIElements:UIElementsViewImporter)
Imported 'GUID: 944af6732f6e40a48ef18c1011847230' -> (Import Result ID: 'f05e8c0ac87794a31f2d5dd67b37b0b4') in 0.010 seconds [static and dynamic dependencies]. Details - ImportResultOutputID=42d99843f744377988212ec59e358981 DependenciesID=29bfaf87fac80c92b5eb8a7cd8e54f24 StaticDependenciesID=aaafaa66b4211e78c84693c5c54ee8a9 
Importing 'GUID: f4485b1dfbf4e94ec9712e5a26e52515 - Path: Packages/com.unity.multiplayer.center/Editor/MultiplayerCenterWindow/UI/RecommendationItem.uxml' with importer (ScriptedImporter : UnityEditor.UIElementsModule:UnityEditor.UIElements:UIElementsViewImporter)
Imported 'GUID: f4485b1dfbf4e94ec9712e5a26e52515' -> (Import Result ID: '1dd9eca308aed2bc3df9ff36c5acf870') in 0.006 seconds [static and dynamic dependencies]. Details - ImportResultOutputID=dd3a47d96f276fdd91b1baf81faca983 DependenciesID=2a614541a254547b195be971e13c76e2 StaticDependenciesID=74632340190d27edc5c0b4bd64c47199 
Importing 'GUID: b6a7e2174f77bedb88eadb17f763a775 - Path: Packages/com.unity.multiplayer.center/Editor/MultiplayerCenterWindow/UI/MultiplayerCenterWindow.uxml' with importer (ScriptedImporter : UnityEditor.UIElementsModule:UnityEditor.UIElements:UIElementsViewImporter)
Imported 'GUID: b6a7e2174f77bedb88eadb17f763a775' -> (Import Result ID: '07e88a68ff09416e5fd70410be00fc9e') in 0.029 seconds [static and dynamic dependencies]. Details - ImportResultOutputID=ccb6855d1231078c602c3227faa899d0 DependenciesID=6bc4e37ede59dcc255a4ea0107b9ebf2 StaticDependenciesID=618645387a7141082ffaf7405e0649d7 
Importing 'GUID: a73e3729fc91e544c931c37ebe21ea93 - Path: Packages/com.unity.multiplayer.center/Editor/MultiplayerCenterWindow/UI/Templates/CasualGenreHeaderTemplate.uxml' with importer (ScriptedImporter : UnityEditor.UIElementsModule:UnityEditor.UIElements:UIElementsViewImporter)
Imported 'GUID: a73e3729fc91e544c931c37ebe21ea93' -> (Import Result ID: 'c31560589c34279fadfa14883534d5a6') in 0.005 seconds [static and dynamic dependencies]. Details - ImportResultOutputID=2c520d91ec8e1b4d876e79df1b9bd10a DependenciesID=46832d9b4bb38de865dbdf9d43690ccf StaticDependenciesID=ff291fb57f54e9fb8132271719e143dc 
Importing 'GUID: 1833468ed15085a568e8ad41ba1956c5 - Path: Packages/com.unity.multiplayer.center/Editor/MultiplayerCenterWindow/UI/GettingStartedSamples.uxml' with importer (ScriptedImporter : UnityEditor.UIElementsModule:UnityEditor.UIElements:UIElementsViewImporter)
Imported 'GUID: 1833468ed15085a568e8ad41ba1956c5' -> (Import Result ID: 'ceeebb8db5eeb9aa5756d3723349abf4') in 0.008 seconds [static and dynamic dependencies]. Details - ImportResultOutputID=440a45fb849a377f86a605b3efbdbec9 DependenciesID=4c1a50f047e10176e5928a7313e03dae StaticDependenciesID=b51168f0966bd1a6b6648910e67a96e3 
Importing 'GUID: 3965d8f06d27b5e48b5ca2725c7c4adc - Path: Packages/com.unity.multiplayer.center/Editor/MultiplayerCenterWindow/UI/Templates/TurnBasedGenreHeaderTemplate.uxml' with importer (ScriptedImporter : UnityEditor.UIElementsModule:UnityEditor.UIElements:UIElementsViewImporter)
Imported 'GUID: 3965d8f06d27b5e48b5ca2725c7c4adc' -> (Import Result ID: '237ad60975d10b18817931dd1b2a1a5f') in 0.004 seconds [static and dynamic dependencies]. Details - ImportResultOutputID=207d5cea4458b85c0e02c4885b101d36 DependenciesID=de0bcb1bd5363934a360dc8712b3cc83 StaticDependenciesID=9c288d8693b5189d6c6e2094c69c00f6 
Importing 'GUID: 5c480267dadb29d4e81812bf24f1a9d8 - Path: Packages/com.unity.multiplayer.center/Editor/MultiplayerCenterWindow/UI/PlaceHolder.uxml' with importer (ScriptedImporter : UnityEditor.UIElementsModule:UnityEditor.UIElements:UIElementsViewImporter)
Imported 'GUID: 5c480267dadb29d4e81812bf24f1a9d8' -> (Import Result ID: '0aac772a2ff3f23fb8d4a86d33bd6aa5') in 0.013 seconds [static and dynamic dependencies]. Details - ImportResultOutputID=746575b7530a64253d984c2b949901c3 DependenciesID=63b5285cb1b4b772bdd9e503cea8c0b9 StaticDependenciesID=d617a5f00753dfd09c3f7e6b07bdc00f 
Importing 'GUID: 0f5c78702c34067069caddb5ba4eab51 - Path: Packages/com.unity.multiplayer.center/Editor/MultiplayerCenterWindow/UI/Recommendations.uxml' with importer (ScriptedImporter : UnityEditor.UIElementsModule:UnityEditor.UIElements:UIElementsViewImporter)
Imported 'GUID: 0f5c78702c34067069caddb5ba4eab51' -> (Import Result ID: '6fa63a0b247e653d65711e5ff16f9501') in 0.005 seconds [static and dynamic dependencies]. Details - ImportResultOutputID=f3af24f5b895d9b00729e8dee4372fc5 DependenciesID=70e195987125d8c3d11a29cacd164b27 StaticDependenciesID=9e658f9d15f385899ea37d29641a1b99 
Importing 'GUID: ff431a7b3eb8b134d94706de7fbcbd93 - Path: Packages/com.unity.multiplayer.center/Editor/MultiplayerCenterWindow/UI/Templates/CompetitiveGenreHeaderTemplate.uxml' with importer (ScriptedImporter : UnityEditor.UIElementsModule:UnityEditor.UIElements:UIElementsViewImporter)
Imported 'GUID: ff431a7b3eb8b134d94706de7fbcbd93' -> (Import Result ID: '4624b7dbeabc4404d0b656762a2a43b0') in 0.003 seconds [static and dynamic dependencies]. Details - ImportResultOutputID=7a5890b603af0bda409e029249b3bfa1 DependenciesID=dea3d8f00377cfe73fbe5a3019d863c2 StaticDependenciesID=d28c685b5968c768b4c89f5c52f96a35 
Launched and connected shader compiler UnityShaderCompiler.exe after 0.01 seconds
Launched and connected shader compiler UnityShaderCompiler.exe after 0.01 seconds
Loading style catalogs (6)
	StyleSheets/Extensions/base/common.uss
	UIPackageResources/StyleSheets/Default/Variables/Public/common.uss
	StyleSheets/Northstar/common.uss
	StyleSheets/Extensions/fonts/inter.uss
	StyleSheets/Extensions/base/dark.uss
	UIPackageResources/StyleSheets/Default/Northstar/Palette/dark.uss

Asset Pipeline Refresh (id=12599097bcdff6743a81483764b842ee): Total: 6.522 seconds - Initiated by InitialRefreshV2(ForceSynchronousImport)
	(Values over 0.05ms)
	Summary:
		Imports: total=426 (actual=426, local cache=0, cache server=0)
		Asset DB Process Time: managed=43 ms, native=3780 ms
		Asset DB Callback time: managed=315 ms, native=73 ms
		Scripting: domain reloads=1, domain reload time=1134 ms, compile time=1151 ms, other=22 ms
		Project Asset Count: scripts=256, non-scripts=170
		Asset File Changes: new=0, changed=2, moved=0, deleted=0
		Scan Filter Count: 0
	InvokePackagesCallback: 44.396ms
	ApplyChangesToAssetFolders: 0.596ms
	Scan: 104.229ms
	Collect global state as custom dependencies: 17.915ms
	OnSourceAssetsModified: 0.937ms
	CategorizeScriptCompilationAssets: 9.281ms
	ProcessAssetsWithTransientArtifactChanges: 25.022ms
	CategorizeAssets: 5.869ms
	CompileScripts: 1150.960ms
	ImportOutOfDateAssets: 3580.487ms (1172.710ms without children)
		ImportManagerImport: 2398.499ms (411.387ms without children)
			UpdateCategorizedAssets: 1.858ms
		UnloadImportedAssets: 0.355ms
		ReloadImportedAssets: 0.189ms
		EnsureUptoDateAssetsAreRegisteredWithGuidPM: 0.116ms
		ImportSchedulerStart: 8.784ms
	PostProcessAllAssets: 345.008ms
		ShaderAssetModifiedCallback 25.013ms
		VCAutoAddAssetPostprocess 1.389ms
		ComputeShaderImportPostprocess 0.329ms
		RaytracingShaderImportPostprocess 0.268ms
		PostProcessCallbackCreateDeferredMaterials 0.262ms
		SpeedTreeImporter.PostprocessAllAssets 0.197ms
		AssemblyValidation.PostprocessAllAssets 0.146ms
		BlockShaderImporter.PostprocessAllAssets 0.145ms
		LocalizationDatabase.AssetDatabasePostprocessCallback 0.132ms
		MonoPostProcessAllAssets: 314.380ms
			StyleCatalogPostProcessor.OnPostprocessAllAssets 165.642ms
			AssetPostprocessor.OnPostprocessAllAssets 64.326ms
			RetainedModeAssetPostprocessor.OnPostprocessAllAssets 22.513ms
			WindowAssetPostprocessingWatcher.OnPostprocessAllAssets 17.157ms
			BuilderAssetPostprocessor.OnPostprocessAllAssets 13.391ms
			TextAssetPostProcessor.OnPostprocessAllAssets 4.731ms
			AssetChangedListener.OnPostprocessAllAssets 3.741ms
			SpeedTree9Postprocessor.OnPostprocessAllAssets 1.690ms
			EditModeScopePostprocessor.OnPostprocessAllAssets 1.387ms
			ArtifactBrowserPostProcessor.OnPostprocessAllAssets 1.134ms
			AudioMixerPostprocessor.OnPostprocessAllAssets 0.771ms
			ReferencedClipsPostProcessor.OnPostprocessAllAssets 0.543ms
			ConfigAssetsTracker.OnPostprocessAllAssets 0.522ms
			AssetDatabaseCallbacks.OnPostprocessAllAssets 0.466ms
			ScenarioDriftAssetsTracker.OnPostprocessAllAssets 0.442ms
			TMPro_TexturePostProcessor.OnPostprocessAllAssets 0.437ms
			AssetEvents.OnPostprocessAllAssets 0.430ms
			RenderPipelineGlobalSettingsPostprocessor.OnPostprocessAllAssets 0.408ms
			TerrainToolbarOverlayPostProcessor.OnPostprocessAllAssets 0.335ms
			SpeedTreePostProcessor.OnPostprocessAllAssets 0.277ms
			ThemePostprocessor.OnPostprocessAllAssets 0.269ms
			AudioContainerPostProcessor.OnPostprocessAllAssets 0.231ms
			SyncVS.PostprocessSyncProject 0.195ms
	PostAssetChangesProfiler: 1.726ms
	UnloadStreamsBegin: 2.065ms
	PersistCurrentRevisions: 0.425ms
	GenerateScriptTypeHashes: 1.222ms
	GenerateScriptTypeSerializationHashes: 2.481ms
	Untracked: 1226.679ms

Application.AssetDatabase Initial Refresh End
Scanning for USB devices : 1.976ms
Initializing Unity extensions:
[MODES] ModeService[none].Initialize
[MODES] ModeService[none].LoadModes
[MODES] Loading mode Default (0) for mode-current-id-ArenaQA
GetVirtualKey: Could not map char: z (122) to any virtual key
GetVirtualKey: Could not map char: y (121) to any virtual key
GetVirtualKey: Could not map char: [ (91) to any virtual key
GetVirtualKey: Could not map char: ] (93) to any virtual key
GetVirtualKey: Could not map char: x (120) to any virtual key
GetVirtualKey: Could not map char: c (99) to any virtual key
GetVirtualKey: Could not map char: v (118) to any virtual key
GetVirtualKey: Could not map char: V (86) to any virtual key
GetVirtualKey: Could not map char: d (100) to any virtual key
GetVirtualKey: Could not map char: f (102) to any virtual key
GetVirtualKey: Could not map char: f (102) to any virtual key
GetVirtualKey: Could not map char: a (97) to any virtual key
GetVirtualKey: Could not map char: d (100) to any virtual key
GetVirtualKey: Could not map char: c (99) to any virtual key
GetVirtualKey: Could not map char: r (114) to any virtual key
GetVirtualKey: Could not map char: i (105) to any virtual key
GetVirtualKey: Could not map char: l (108) to any virtual key
GetVirtualKey: Could not map char: f (102) to any virtual key
GetVirtualKey: Could not map char: k (107) to any virtual key
GetVirtualKey: Could not map char: p (112) to any virtual key
GetVirtualKey: Could not map char: p (112) to any virtual key
GetVirtualKey: Could not map char: p (112) to any virtual key
GetVirtualKey: Could not map char: c (99) to any virtual key
GetVirtualKey: Could not map char: r (114) to any virtual key
GetVirtualKey: Could not map char: P (80) to any virtual key
GetVirtualKey: Could not map char: n (110) to any virtual key
GetVirtualKey: Could not map char: n (110) to any virtual key
GetVirtualKey: Could not map char: g (103) to any virtual key
GetVirtualKey: Could not map char: f (102) to any virtual key
GetVirtualKey: Could not map char: f (102) to any virtual key
GetVirtualKey: Could not map char: a (97) to any virtual key
GetVirtualKey: Could not map char: a (97) to any virtual key
GetVirtualKey: Could not map char: n (110) to any virtual key
GetVirtualKey: Could not map char: o (111) to any virtual key
GetVirtualKey: Could not map char: s (115) to any virtual key
GetVirtualKey: Could not map char: s (115) to any virtual key
GetVirtualKey: Could not map char: b (98) to any virtual key
GetVirtualKey: Could not map char: b (98) to any virtual key
GetVirtualKey: Could not map char: c (99) to any virtual key
GetVirtualKey: Could not map char: u (117) to any virtual key
Unloading 25 Unused Serialized files (Serialized files now loaded: 0)
Unloading 963 unused Assets / (1.2 MB). Loaded Objects now: 1663.
Memory consumption went from 244.7 MB to 243.4 MB.
Total: 10.253900 ms (FindLiveObjects: 0.314200 ms CreateObjectMapping: 0.042400 ms MarkObjects: 8.682500 ms  DeleteObjects: 0.977200 ms)

GetVirtualKey: Could not map char: z (122) to any virtual key
GetVirtualKey: Could not map char: y (121) to any virtual key
GetVirtualKey: Could not map char: [ (91) to any virtual key
GetVirtualKey: Could not map char: ] (93) to any virtual key
GetVirtualKey: Could not map char: x (120) to any virtual key
GetVirtualKey: Could not map char: c (99) to any virtual key
GetVirtualKey: Could not map char: v (118) to any virtual key
GetVirtualKey: Could not map char: V (86) to any virtual key
GetVirtualKey: Could not map char: d (100) to any virtual key
GetVirtualKey: Could not map char: f (102) to any virtual key
GetVirtualKey: Could not map char: f (102) to any virtual key
GetVirtualKey: Could not map char: a (97) to any virtual key
GetVirtualKey: Could not map char: d (100) to any virtual key
GetVirtualKey: Could not map char: c (99) to any virtual key
GetVirtualKey: Could not map char: r (114) to any virtual key
GetVirtualKey: Could not map char: i (105) to any virtual key
GetVirtualKey: Could not map char: l (108) to any virtual key
GetVirtualKey: Could not map char: f (102) to any virtual key
GetVirtualKey: Could not map char: k (107) to any virtual key
GetVirtualKey: Could not map char: p (112) to any virtual key
GetVirtualKey: Could not map char: p (112) to any virtual key
GetVirtualKey: Could not map char: p (112) to any virtual key
GetVirtualKey: Could not map char: c (99) to any virtual key
GetVirtualKey: Could not map char: r (114) to any virtual key
GetVirtualKey: Could not map char: P (80) to any virtual key
GetVirtualKey: Could not map char: n (110) to any virtual key
GetVirtualKey: Could not map char: n (110) to any virtual key
GetVirtualKey: Could not map char: g (103) to any virtual key
GetVirtualKey: Could not map char: f (102) to any virtual key
GetVirtualKey: Could not map char: f (102) to any virtual key
GetVirtualKey: Could not map char: a (97) to any virtual key
GetVirtualKey: Could not map char: a (97) to any virtual key
GetVirtualKey: Could not map char: n (110) to any virtual key
GetVirtualKey: Could not map char: o (111) to any virtual key
GetVirtualKey: Could not map char: s (115) to any virtual key
GetVirtualKey: Could not map char: s (115) to any virtual key
GetVirtualKey: Could not map char: b (98) to any virtual key
GetVirtualKey: Could not map char: b (98) to any virtual key
GetVirtualKey: Could not map char: c (99) to any virtual key
GetVirtualKey: Could not map char: u (117) to any virtual key
Unity is not designed to run with Administrator privileges.

With elevated access, scripts in your project can modify system files, registry settings, or protected areas, even accidentally.
This could make your system unstable or unbootable.

Restart as a standard user for the safest experience.
Microsoft Media Foundation video decoding to texture disabled: graphics device is Null, only Direct3D 11 and Direct3D 12 (only on desktop) are supported for hardware-accelerated video decoding.
[Project] Loading completed in 9.698 seconds
	Project init time: 				9.364 seconds
		Template init time: 		0.000 seconds
		Package Manager init time: 		0.362 seconds
		Asset Database init time: 		0.181 seconds
		Global illumination init time: 	0.003 seconds
		Assemblies load time: 			1.989 seconds
		Unity extensions init time: 	0.006 seconds
		Asset Database refresh time: 	6.522 seconds
	Scene opening time: 			0.155 seconds
##utp:{"type":"ProjectInfo","version":2,"phase":"Immediate","time":1788931983866,"processId":35072,"projectLoad":9.6983392,"projectInit":9.3640639,"templateInit":0.0,"packageManagerInit":0.3622948,"assetDatabaseInit":0.1809908,"globalIlluminationInit":0.0033526,"assembliesLoad":1.9890461,"unityExtensionsInit":0.0063198,"assetDatabaseRefresh":6.5221768,"sceneOpening":0.1554052}
##utp:{"type":"EditorInfo","version":2,"phase":"Immediate","time":1788931983866,"processId":35072,"editorVersion":"6000.6.0f1 (f7f8ed4d1e24)","branch":"6000.6/respin/6000.6.0f1-fa21a270ab12","buildType":"Release","platform":"Windows"}
[Licensing::Client] Successfully resolved entitlement details
Running tests for ExecutionSettings with details:
targetPlatform = 
playerHeartbeatTimeout = 600
filters[0] = 
   Filter with settings:
   testMode = EditMode
   targetPlatform = 
   testNames = null
   groupNames = null
   categoryNames = null
   assemblyNames = null
ignoreTests = {}
featureFlags = null

UnityEngine.Debug:ExtractStackTraceNoAlloc (byte*,int,string)
UnityEngine.StackTraceUtility:ExtractStackTrace ()
UnityEngine.DebugLogHandler:Internal_Log (UnityEngine.LogType,UnityEngine.LogOption,string,UnityEngine.Object)
UnityEngine.DebugLogHandler:LogFormat (UnityEngine.LogType,UnityEngine.Object,string,object[])
UnityEngine.Logger:Log (UnityEngine.LogType,object)
UnityEngine.Debug:Log (object)
UnityEditor.TestTools.TestRunner.CommandLineTest.Executer:InitializeAndExecuteRun (string[]) (at ./Library/PackageCache/com.unity.test-framework@7a3849e09bd0/UnityEditor.TestRunner/CommandLineTest/Executer.cs:53)
UnityEditor.TestTools.TestRunner.CommandLineTest.TestStarter:InitializeAndExecuteRun () (at ./Library/PackageCache/com.unity.test-framework@7a3849e09bd0/UnityEditor.TestRunner/CommandLineTest/TestStarter.cs:64)
UnityEditor.EditorApplication:Internal_CallUpdateFunctions ()

(Filename: ./Library/PackageCache/com.unity.test-framework@7a3849e09bd0/UnityEditor.TestRunner/CommandLineTest/Executer.cs Line: 53)

Opening scene 'Assets/Scenes/Arena.unity'
Unloading 2 Unused Serialized files (Serialized files now loaded: 0)
Loaded scene 'Assets/Scenes/Arena.unity'
	Deserialize:            3.212 ms
	Integration:            14.708 ms
	Integration of assets:  0.003 ms
	Thread Wait Time:       0.023 ms
	Total Operation Time:   17.946 ms
Unloading 1 unused Assets / (24.3 KB). Loaded Objects now: 1690.
Memory consumption went from 248.2 MB to 248.2 MB.
Total: 10.537600 ms (FindLiveObjects: 0.343600 ms CreateObjectMapping: 0.030000 ms MarkObjects: 9.892700 ms  DeleteObjects: 0.026800 ms)

Worker ready: AssetImportWorkerHW0 0
[UnityConnectServicesConfig] config is NOT valid, switching to default
Created GICache directory at C:/Users/Admin/AppData/LocalLow/Unity/Caches/GiCache. Took: 0.149s, timestamps: [9.704 - 9.853]
Unloading 2 Unused Serialized files (Serialized files now loaded: 0)
Unloading 0 unused Assets / (0 B). Loaded Objects now: 1819.
Memory consumption went from 252.7 MB to 252.7 MB.
Total: 11.921100 ms (FindLiveObjects: 0.296200 ms CreateObjectMapping: 0.027200 ms MarkObjects: 11.342500 ms  DeleteObjects: 0.006900 ms)

Saving results to: D:\Pet\Resume\companies\Highcore\QA Engineer\ArenaQA\analysis\validation-6000.6.0f1\TestResults\20260909-073253-987\EditMode.xml
Unloading 0 Unused Serialized files (Serialized files now loaded: 0)
Loaded scene 'Assets/Scenes/Arena.unity'
	Deserialize:            0.578 ms
	Integration:            7.238 ms
	Integration of assets:  0.001 ms
	Thread Wait Time:       0.014 ms
	Total Operation Time:   7.831 ms
Unloading 1 unused Assets / (2.8 KB). Loaded Objects now: 1823.
Memory consumption went from 255.4 MB to 255.4 MB.
Total: 8.373500 ms (FindLiveObjects: 0.256000 ms CreateObjectMapping: 0.024700 ms MarkObjects: 7.869500 ms  DeleteObjects: 0.019900 ms)

DisplayProgressbar: Undo
Test run completed. Exiting with code 2 (Failed). One or more tests failed.
UnityEngine.Debug:ExtractStackTraceNoAlloc (byte*,int,string)
UnityEngine.StackTraceUtility:ExtractStackTrace ()
UnityEngine.DebugLogHandler:Internal_Log (UnityEngine.LogType,UnityEngine.LogOption,string,UnityEngine.Object)
UnityEngine.DebugLogHandler:LogFormat (UnityEngine.LogType,UnityEngine.Object,string,object[])
UnityEngine.Logger:Log (UnityEngine.LogType,object)
UnityEngine.Debug:Log (object)
UnityEditor.TestTools.TestRunner.CommandLineTest.Executer:ExitApplication (UnityEditor.TestTools.TestRunner.CommandLineTest.Executer/ReturnCodes,string) (at ./Library/PackageCache/com.unity.test-framework@7a3849e09bd0/UnityEditor.TestRunner/CommandLineTest/Executer.cs:81)
UnityEditor.TestTools.TestRunner.CommandLineTest.Executer:ExitIfRunIsCompleted () (at ./Library/PackageCache/com.unity.test-framework@7a3849e09bd0/UnityEditor.TestRunner/CommandLineTest/Executer.cs:74)
UnityEditor.EditorApplication:Internal_CallUpdateFunctions ()

(Filename: ./Library/PackageCache/com.unity.test-framework@7a3849e09bd0/UnityEditor.TestRunner/CommandLineTest/Executer.cs Line: 81)

MonoPathRemapper: Attempts to remap: 3251; Successful remaps: 24
Serialized file version minimum: 23, current 23
[Physics::Module] Cleanup current backend.
[Physics::Module] Id: 0xf2b8ea05
Input System module state changed to: ShutdownInProgress.
Input Polling Thread exited.
Input System module state changed to: Shutdown.
[Licensing::IpcConnector] LicenseClient-Admin-notifications channel disconnected successfully.
[Licensing::IpcConnector] LicenseClient-Admin channel disconnected successfully.
Lingering sessions upon destruction of worker manager
Unity Data Store service was successfully shut down
UDS shutting down local client system
AcceleratorClientConnectionCallback - disconnected - :0
Cleanup mono
CodeReloadManager destroyed
Checking for leaked weakptr:
  Found no leaked weakptrs.
[Package Manager] Server process was shutdown
##utp:{"type":"MemoryLeaks","version":2,"phase":"Immediate","time":1788931987227,"processId":35072,"allocatedMemory":11433568,"memoryLabels":[{"Default":161055},{"Permanent":15516},{"NewDelete":68479},{"Thread":4197944},{"Manager":35429},{"VertexData":8},{"Geometry":816},{"Texture":24},{"Shader":839833},{"Material":24},{"GfxDevice":55968},{"Animation":952},{"Audio":408},{"FreeType":8},{"FontEngine":736},{"Physics":1970},{"Physics2D":16},{"Serialization":17720},{"Input":42840},{"JobScheduler":256},{"TextLib":280},{"Mono":48},{"ScriptingNativeRuntime":1243480},{"BaseObject":49136},{"Resource":1208},{"Renderer":2376},{"Transform":4685},{"File":7385},{"WebCam":616},{"Culling":32},{"Terrain":11442},{"Wind":24},{"STL":40},{"String":564184},{"StaticString":3808},{"Utility":2675350},{"Curl":2478},{"PoolAlloc":2168},{"AI":80},{"TypeTree":17165},{"ScriptManager":12640},{"CodeReload":448},{"RuntimeInitializeOnLoadManager":64},{"Sprites":102},{"SpriteAtlas":120},{"GI":7816},{"Director":8296},{"CloudService":288},{"WebRequest":552},{"VR":49650},{"SceneManager":608},{"Video":64},{"LazyScriptCache":32},{"Camera":729},{"Secure":2377},{"Image":65536},{"SerializationCache":9256},{"APIUpdating":10320},{"Subsystems":336},{"VirtualTexturing":57888},{"StaticSafetyDebugInfo":278528},{"Analytics":464},{"Hierarchy":1188},{"UIElements":40},{"CoreStats":14456},{"Identifiers":7152},{"Gui":128},{"EditorUtility":115368},{"VersionControl":8},{"Undo":931},{"AssetDatabase":692951},{"AssetImporter":40},{"EditorGi":328},{"UnityConnect":40465},{"Upm":1912},{"UpmDiagnostics":8},{"AssetCompliance":96},{"DrivenProperties":72},{"LocalIPC":260},{"ProfilerEditor":9746},{"CoreBusinessMetrics":3226},{"Windowing":456},{"Licensing":12572},{"AssetReference":32},{"IPCStream":32}]}
